file_hash,filename,file_path,file_size,segments_json,stt_service,stt_processing_time,created_at,summary,audio_duration
6f8ab995f85b67bca5b40444046cf785,cabinetmeeting_terminology_1_5p_4m.wav,uploads\20251027_110049_cabinetmeeting_terminology_1_5p_4m.wav,46132356,"[{""id"": 0, ""speaker"": 1, ""start_time"": 0.278, ""confidence"": 0.98, ""text"": ""최대 규모는 얼마예요?""}, {""id"": 1, ""speaker"": 2, ""start_time"": 1.218, ""confidence"": 0.96, ""text"": ""지금 매번 다 다르긴 하겠지만 통상적으로 21년에 80% 그러니까 저희가 출자를 하고 나면 80% 정도가 추가 민간 자금.""}, {""id"": 2, ""speaker"": 1, ""start_time"": 11.438, ""confidence"": 0.98, ""text"": ""다섯 배 정도 승수가 있는 거예요?""}, {""id"": 3, ""speaker"": 2, ""start_time"": 13.008, ""confidence"": 0.97, ""text"": ""네, 근데 이건 최대고 지금 현재 한 서너 배 정도까지는 그래도 가지고 갈 수 있지 않을까라고 생각""}, {""id"": 4, ""speaker"": 1, ""start_time"": 19.428, ""confidence"": 0.98, ""text"": ""근데 그런 걸로 치면 너무 적지 않아요?""}, {""id"": 5, ""speaker"": 2, ""start_time"": 21.498, ""confidence"": 0.95, ""text"": ""적다는 건 1.1조가 적다고 말씀. 그래서 이제 올해가 1.1조고요. 지금 이제 연기금이나 뭐 퇴직 그 연금이나 관련된 부분들 계속 협조 요청 드리면서 그리고 저희 부처만 1.1조고 올해 타부처가 출자하신 것까지 다 합치면 2.0 2.0조""}, {""id"": 6, ""speaker"": 1, ""start_time"": 39.628, ""confidence"": 0.97, ""text"": ""저번에도 얘기했는데 이게 우리가 이제 재정으로 이거는 펀드로 하면 돈이 남는 거잖아 그죠? 근데 우리는 이건 세금으로 걷은 거니까 이걸 굳이 남길 필요가 없는 건데. 예를 들면 우리가 일종의 후순위 투자를 할 수도 있잖아요? 손실을 이거 우리가 먼저 분담한다.""}, {""id"": 7, ""speaker"": 2, ""start_time"": 65.018, ""confidence"": 0.96, ""text"": ""지금 퇴직 연금 같은 건 그렇게 하자고 하고 이제 협의를 드리고 있는 중이고 네.""}, {""id"": 8, ""speaker"": 1, ""start_time"": 70.078, ""confidence"": 0.98, ""text"": ""아 그래요? 우리가 이걸 20% 예를 들면 다섯 배라고 그러면 20% 손해 봐도 본전이잖아요, 민간 입장에서는. 그럼 매우 안전한 펀드가 되는데 지금 현재는 그런 펀드가 있어요?""}, {""id"": 9, ""speaker"": 2, ""start_time"": 82.428, ""confidence"": 0.98, ""text"": ""저 그 부분은 정확히 잘 모르겠습니다.""}, {""id"": 10, ""speaker"": 1, ""start_time"": 84.698, ""confidence"": 0.97, ""text"": ""그 펀드라고 하면 기본적으로 다 동등한 조건으로 하는 게 기본 개념이긴 한데, 공공 분야에서 꼭 그럴 필요 없잖아요.""}, {""id"": 11, ""speaker"": 2, ""start_time"": 92.518, ""confidence"": 0.9, ""text"": ""지금""}, {""id"": 12, ""speaker"": 1, ""start_time"": 96.698, ""confidence"": 0.99, ""text"": ""뭐?""}, {""id"": 13, ""speaker"": 3, ""start_time"": 97.048, ""confidence"": 0.98, ""text"": ""예, 금융위에서 말씀드리겠습니다.""}, {""id"": 14, ""speaker"": 1, ""start_time"": 99.138, ""confidence"": 0.99, ""text"": ""아 네 네.""}, {""id"": 15, ""speaker"": 3, ""start_time"": 100.088, ""confidence"": 0.97, ""text"": ""그 말씀하신 대로 이제 그 후순위의 자금을 넣어서 레버리지를 일으킨다 이렇게 보시면 될 거고요. 모태 펀드는 이제 2,000억 넣으면은 1조 해서 다섯 배고 저희 이제 금융위 쪽은 조금 더 어 그 초기가 아니고 또 성장 기업에 가면 저희는 한 10배 정도 이렇게 레버리지를 일으키는 그런 기법들이 많이 활용되고 있습니다.""}, {""id"": 16, ""speaker"": 1, ""start_time"": 120.998, ""confidence"": 0.96, ""text"": ""이게 10% 투자하고 나면 90% 90%는 민간에서 해가지고 같이 들어가는 건데""}, {""id"": 17, ""speaker"": 3, ""start_time"": 125.148, ""confidence"": 0.99, ""text"": ""그렇습니다.""}, {""id"": 18, ""speaker"": 1, ""start_time"": 126.228, ""confidence"": 0.97, ""text"": ""근데 지금까지 펀드의 기본 개념은 아 공공이 투자하니까 저기 믿을 만 하겠지라고 해서 민간이 들어오는 구조 아니잖아요. 그거 말고 제가 말하기는 이거 이렇게 하는 것도 방법이긴 한데 10%는 우리가 우선 손실을 담당해 담당해 주겠다 그러면 더 많이 들어올 거 아니에요?""}, {""id"": 19, ""speaker"": 3, ""start_time"": 141.498, ""confidence"": 0.98, ""text"": ""예, 당연히 지금 그 들어오는 그 자금을 이제 순위를 바꾸어서 대통령께서 말씀하신 대로 후순위로 후순위로 받쳐주는 그렇게 지금 설계를 하고 있습니다.""}, {""id"": 20, ""speaker"": 1, ""start_time"": 151.378, ""confidence"": 0.97, ""text"": ""아 네 네. 그래서 그렇게 하면 좀 더 위험한 영역에""}, {""id"": 21, ""speaker"": 2, ""start_time"": 156.318, ""confidence"": 0.97, ""text"": ""지금 모태 펀드는 사실 지난 20년간 운용하면서 8% 수익률이 났습니다. 그리고""}, {""id"": 22, ""speaker"": 1, ""start_time"": 162.128, ""confidence"": 0.98, ""text"": ""많이 남더라고요, 내가 보니까.""}, {""id"": 23, ""speaker"": 2, ""start_time"": 163.258, ""confidence"": 0.97, ""text"": ""네, 최근 5년간에는 10% 이상 나고 있어서 사실은 어떤 그 지금 내부적으로 저희가 가지고 있는 공공 그 기금 중에서 보면 실적이 민간에 준하게 좋다고 생각합니다.""}, {""id"": 24, ""speaker"": 1, ""start_time"": 177.338, ""confidence"": 0.98, ""text"": ""그러니까 저도 경기도에 모태 펀드가 좀 있었는데 그게 보니까 뭐 15%씩 수익이 나고 그러더라고요. 그러니까 잘 고르는 거예요.""}, {""id"": 25, ""speaker"": 2, ""start_time"": 185.688, ""confidence"": 0.99, ""text"": ""네네.""}, {""id"": 26, ""speaker"": 1, ""start_time"": 186.908, ""confidence"": 0.97, ""text"": ""어 거기에 왜 그런지 모르겠는데""}, {""id"": 27, ""speaker"": 2, ""start_time"": 189.418, ""confidence"": 0.96, ""text"": ""그게 이제 그 거기에 들어가 있는 기업이 엑싯이 아니 잘 됐을 때는 그게 크게 한번 튀는 거여서 엑싯 시장 얘기를 계속해서 업체들이 회수 시장 얘기를 하고 있는 상황이고요. 그래서 이제 좋은 기업들이 유니콘이 많이 나오면 그들이 한번 IPO 가서 나오는 걸로 전체의 그 펀드 수익이 좋아지는 이런 구조들인데, 전체적으로는 그래도 지금 유니콘 숫자가 적다고는 하시지만 계속 나오고 있는 상황이어서 저는 이 초기 투자라고 하는 부분으로 마중물로 모태 펀드는 계속 가고 그리고 이제 걱정하시는 그 연기금이나 퇴직 연금 굉장히 걱정 많으시지만 지금 대통령께서 말씀하신 것처럼 그렇게 저희가 후순위 출자하는 형태로 가면 될 거 같고요. 얼마 전에 그 어 이쪽 그 연기금 풀에서 첫 번째 이제 투자가 일어났습니다.""}]",gemini,76.13284039497375,2025-10-27 11:02:05,"## 회의록 요약

### 1. 주요 논의 주제
- 정부 주도 '모태 펀드'의 민간 자금 유치 확대 방안
- 정부 출자금의 '후순위 투자'(손실 우선 분담)를 통한 투자 매력도 제고 방안
- 펀드의 레버리지(승수) 효과 및 수익률 현황 점검

### 2. 주요 결정 사항
- 민간 투자 활성화를 위해, 정부가 펀드 손실 발생 시 우선적으로 분담하는 **'후순위 출자' 방식을 적극 도입하기로 함.**
- 현재 관련 부처(금융위 등)에서 해당 구조를 반영한 펀드를 설계하고 있음을 확인함.

### 3. 액션 아이템
- **관련 부처 (금융위 등):** 정부가 후순위로 참여하여 민간 투자의 안정성을 높이는 형태의 펀드 설계를 지속적으로 추진하고, 연기금 등 기관 투자자의 참여를 적극적으로 협의할 것.

### 4. 중요한 발언이나 의견
- **(화자 1)** ""정부 자금은 세금이므로 이익을 남기는 것보다, 손실을 우선 분담하는 '후순위 투자'를 통해 민간 자금이 더 많이 유입되도록 유도해야 한다. 이를 통해 더 위험한 영역에 대한 투자가 가능해질 것이다.""
- **(화자 2)** ""모태 펀드는 지난 20년간 연평균 8%, 최근 5년간 10% 이상의 높은 수익률을 기록하며 성공적으로 운영되어 왔다.""
- **(화자 3)** ""금융위에서는 이미 정부 자금이 후순위로 참여해 10배까지 레버리지를 일으키는 기법을 활용 중이며, 제안된 방식대로 펀드를 설계하고 있다.""",0.0
24a38ebac9f43fda15ce3dde6c9d1f4e,cabinetmeeting_terminology_2_5p_4m.wav,uploads\20251027_125042_cabinetmeeting_terminology_2_5p_4m.wav,48695260,"[{""id"": 0, ""speaker"": 1, ""start_time"": 0.108, ""confidence"": 0.96, ""text"": ""일어났습니다. 그래서 400억, 200억, 200억씩 해가지고 저희가 하나 만들었고요. 그리고 최근에는 일본 쪽에 그 교포들 자금도 좀 들어오고 있고 그리고 외국 그 VC들도 좀 한국에 한국 업체들 대상으로 투자하고 싶다는 얘기들도""}, {""id"": 1, ""speaker"": 2, ""start_time"": 16.798000000000002, ""confidence"": 0.97, ""text"": ""그러니까요. 이게 지금 요즘은 그 뭐 기술 경쟁 시대인데, 또 위험한 분야에 대한 투자를 민간이 하기는 많이 망설여지지만 공공에서 일정 부분 위험을 감수해주면 훨씬 투자가 활성화될 것 같은데.""}, {""id"": 2, ""speaker"": 3, ""start_time"": 32.678, ""confidence"": 0.98, ""text"": ""예, 그렇습니다. 지금 이제 성장 정체기에 안정적인 이런 재정의 운용, 민간 자금의 운용으로는 저희가 이거 따라잡을 수도 없기 때문에 조금 더 모험 자본, 인내 자본에 대한 투자가 좀 필요하고 있고요. 아마 그런 기법들은 재정에서 조금만 도와주시면은 금융에서 열 배, 뭐 스무 배 이렇게 할 수 있고, 그렇게 하기 위해서 저희가 아까 대통령께서 말씀하신 대로 생산적 금융을 좀 적극적으로 추진하려고 지금 준비하고 있습니다.""}, {""id"": 3, ""speaker"": 2, ""start_time"": 61.838, ""confidence"": 0.97, ""text"": ""그러니까 기본적으로 이제 금융 기관들이 그 예대 마진이 아니라 그 어쨌든 투자를 통해서 투자 좀 사업을 하도록 바꿔가야 되는데 그것도 그렇게 쉬운 거는 아니니까. 일단 재정 분야에서 위험 감수를 좀 더 모범적으로 해주면 더 좋겠다. 우린 돈을 잘 쓰는 게 능력이잖아요. 돈 아끼는 게 능력이 아니고.""}, {""id"": 4, ""speaker"": 3, ""start_time"": 82.648, ""confidence"": 0.95, ""text"": ""예, 그 너무 많이 안 주셔도 적당하게만 주시면은 저희가""}, {""id"": 5, ""speaker"": 2, ""start_time"": 86.048, ""confidence"": 0.96, ""text"": ""적당하게 좀 주세요, 그러면. 우리 기재부 장관님.""}, {""id"": 6, ""speaker"": 3, ""start_time"": 88.448, ""confidence"": 0.97, ""text"": ""저희는 재정을 최소화시키면서 레버리지를 최대한 일으키겠습니다.""}, {""id"": 7, ""speaker"": 4, ""start_time"": 92.118, ""confidence"": 0.96, ""text"": ""제가 이거 저는 모태펀드 운영할 때요, 적어도 1조 1,000 같으면은 이거 비율을 25%부터 50% 가든지 제가 그 자펀드 구성할 때요. 그걸 잘하셔야 돼요. 왜냐하면 자펀드 구성할 때 받은 사람들이 재정이 20% 들어가더라도 자기 80% 돈이 들어가니까 굉장히 안정적으로 운영을 합니다.""}, {""id"": 8, ""speaker"": 4, ""start_time"": 109.738, ""confidence"": 0.96, ""text"": ""그래서 아까 말한 대로 대통령이 말씀하신 것처럼 20%를 아예 그냥 메자닌 깔아준다든지 이거는 손실 나더라도 정부가 하겠다. 그 대신에""}, {""id"": 9, ""speaker"": 2, ""start_time"": 116.888, ""confidence"": 0.94, ""text"": ""위험 부담 우선 부담해 주겠다고 하는 게""}, {""id"": 10, ""speaker"": 4, ""start_time"": 118.248, ""confidence"": 0.97, ""text"": ""예, 이런 예선 조건에 우선 투자해라. 해서 1조 1,000억 중에서 2,500억은 뭐 그렇게 운영하다든지 그거는 중기부에서 설계하기 나름이거든요.""}, {""id"": 11, ""speaker"": 2, ""start_time"": 126.488, ""confidence"": 0.97, ""text"": ""근데 이게 좀 제, 제 최종적인 얘기는 너무 적다 그 말이에요, 제 말은.""}, {""id"": 12, ""speaker"": 1, ""start_time"": 131.158, ""confidence"": 0.92, ""text"": ""네, 그""}, {""id"": 13, ""speaker"": 3, ""start_time"": 132.088, ""confidence"": 0.98, ""text"": ""대통령님 그 이제 그 전체의 구조를 보면 이제 모태는 어 이제 한자가 어미 모 자를 쓰기 때문에 초기 기업을 양성하는 겁니다. 예를 들면 뭐 한 50억, 100억짜리를 양성하는데 그거는 저희가 국가적으로 비교하면 결코 작은 수준은 아닙니다. 근데 돈이 어디 필요하냐면 R&D나 기술 투자를 하려면 500억, 1,000억이 필요하거든요.""}, {""id"": 14, ""speaker"": 3, ""start_time"": 154.368, ""confidence"": 0.97, ""text"": ""그 자금을 지금 해외 투자자들이 지금 투자하고 있고 오히려 이 모태를 기초로 한 스케일업, 성장하는 그런 어 1,000억, 2,000억을 투자할 수 있는 그런 지금 자금이 지금 대한민국에 없는""}, {""id"": 15, ""speaker"": 2, ""start_time"": 166.588, ""confidence"": 0.98, ""text"": ""그거 하려면 뭐가 필요한데요?""}, {""id"": 16, ""speaker"": 3, ""start_time"": 167.948, ""confidence"": 0.98, ""text"": ""그건 저희 이제 금융위에서 그런 그 모태는 초기, 금융위는 아까 레버리지가 어 중기부는 다섯 배지 않습니까? 저희는 한 열 배, 열다섯 배를 일으키는 규모가 더 큰 자금을 하는데 아까 말씀드린 대로 재정이 조금만 들어오면은 저희가 그걸 가지고 은행들, 그다음에 연기금들 이런 자금을 받아서""}, {""id"": 17, ""speaker"": 2, ""start_time"": 187.238, ""confidence"": 0.98, ""text"": ""근데 지금 그 재정이 없다는 거예요?""}, {""id"": 18, ""speaker"": 3, ""start_time"": 188.438, ""confidence"": 0.97, ""text"": ""아 재정이 일부 조금 있습니다.""}, {""id"": 19, ""speaker"": 2, ""start_time"": 190.098, ""confidence"": 0.98, ""text"": ""얼마 있어요?""}, {""id"": 20, ""speaker"": 3, ""start_time"": 191.398, ""confidence"": 0.96, ""text"": ""제가 알기로는 1년에 한 예산 짤 때마다 한 1,000억, 2,000억 정도""}, {""id"": 21, ""speaker"": 2, ""start_time"": 195.688, ""confidence"": 0.98, ""text"": ""그 정도밖에 안 되는데 얼마나 늘리면 돼요?""}, {""id"": 22, ""speaker"": 3, ""start_time"": 197.828, ""confidence"": 0.95, ""text"": ""뭐 많이 안 늘려도 저희가 할 수 있으니까.""}, {""id"": 23, ""speaker"": 2, ""start_time"": 200.138, ""confidence"": 0.98, ""text"": ""얼마, 부르세요.""}, {""id"": 24, ""speaker"": 3, ""start_time"": 202.508, ""confidence"": 0.96, ""text"": ""많이 주시면 더 좋은데요.""}, {""id"": 25, ""speaker"": 2, ""start_time"": 205.218, ""confidence"": 0.97, ""text"": ""그러면 그 뭐 한 2, 3,000억이든 한 5,000억이든 하면 그러면 금융 기관들은 거기에 맞춰서 훨씬 더 많이 할 수 있다는 거예요?""}, {""id"": 26, ""speaker"": 3, ""start_time"": 214.648, ""confidence"": 0.95, ""text"": ""그렇습니다. 아 예를 들면 지금""}, {""id"": 27, ""speaker"": 2, ""start_time"": 216.208, ""confidence"": 0.98, ""text"": ""뭐 별도로 한번 얘기 한번 해 보십시오. 이번에 저기 이미 내긴 했지만 필요하면 국회 심의 과정에서 조정하면 되니까요. 그 금액 한번 말씀""}, {""id"": 28, ""speaker"": 3, ""start_time"": 223.758, ""confidence"": 0.91, ""text"": ""네, 이번에""}, {""id"": 29, ""speaker"": 2, ""start_time"": 224.818, ""confidence"": 0.93, ""text"": ""자, 먼저, 금액을 말씀을 좀""}, {""id"": 30, ""speaker"": 3, ""start_time"": 226.338, ""confidence"": 0.95, ""text"": ""예. 먼저 하세요 그럼.""}, {""id"": 31, ""speaker"": 2, ""start_time"": 227.648, ""confidence"": 0.96, ""text"": ""예.""}, {""id"": 32, ""speaker"": 3, ""start_time"": 228.488, ""confidence"": 0.98, ""text"": ""예, 그 제가 보기에는 지금 그 중기부 장관님 말씀하셨던 대로 이 성장하는 스케일업, 그다음에 이렇게 들어온 벤처 자금이 나가는 회수 시장을 이제 양성해야 되는데 그런 펀드를 제가 보기에는 저희가 금융위가 이제 설계한 거는 어 재정의 도움 없이 한 2조 원 정도를 저희가 어 하려고 지금 준비했습니다. 거기에 재정이 뭐 한 5,000억만 넣어주면은 훨씬 큰 규모의""}, {""id"": 33, ""speaker"": 2, ""start_time"": 253.098, ""confidence"": 0.9, ""text"": ""얼마 클""}]",gemini,89.77592253684998,2025-10-27 12:52:12,"## 회의록 요약

### 1. 주요 논의 주제
- **모험 자본 및 스케일업(Scale-up) 투자 활성화 방안:** 민간의 위험 부담이 큰 기술·성장 분야 투자 활성화를 위해, 정부 재정을 활용하여 민간 투자를 유도(레버리지)하는 '생산적 금융' 추진 방안에 대해 논의했습니다.

### 2. 주요 결정 사항
- **스케일업 펀드 조성 추진:** 초기 기업을 지원하는 '모태펀드'를 넘어, 성장 단계 기업(스케일업)에 1,000억~2,000억 원 단위의 대규모 투자를 할 수 있는 펀드 조성이 시급하다는 데 공감대를 형성했습니다.
- **재정 지원 증액 검토:** 금융위가 구상 중인 2조 원 규모의 펀드에 정부 재정을 추가 투입하여 규모를 확대하는 방안을 긍정적으로 검토하기로 했습니다. 구체적인 예산 규모는 국회 심의 과정에서 조정 가능성을 열어두었습니다.

### 3. 액션 아이템
- **금융위원회(화자 3):** 스케일업 펀드 조성을 위해 필요한 구체적인 재정 지원 규모를 산출하여 관련 부서(화자 2)와 별도로 협의하고 보고할 것.

### 4. 중요한 발언 및 의견
*   **(화자 2)** ""공공에서 일정 부분 위험을 감수해주면 민간 투자가 훨씬 활성화될 것. (정부는) 돈 아끼는 게 능력이 아니고 잘 쓰는 게 능력이다.""
*   **(화자 3)** ""재정이 조금만 들어오면 금융에서 10배, 20배의 레버리지를 일으킬 수 있다. 현재 한국에는 모태펀드를 기반으로 성장하는 기업에 투자할 대규모 스케일업 자금이 부족한 상황이다.""
*   **(화자 4)** ""정부 자금을 손실 우선 부담(메자닌) 구조로 설계하면, 민간 투자자들이 자기 자금의 안정성을 믿고 적극적으로 참여하게 만들 수 있다.""",0.0
00b038d11ae9d2b6117dedd3b45aaae5,cabinetmeeting_terminology_3_5p_4m.wav,uploads\20251027_130907_cabinetmeeting_terminology_3_5p_4m.wav,47682020,"[{""id"": 0, ""speaker"": 1, ""start_time"": 0.0, ""confidence"": 0.96, ""text"": ""지금 규모에 훨씬 큰 건 얼마?""}, {""id"": 1, ""speaker"": 2, ""start_time"": 2.1, ""confidence"": 0.97, ""text"": ""제가 보기에는 저 한 열 배 정도 할 수 있을 것 같습니다.""}, {""id"": 2, ""speaker"": 1, ""start_time"": 5.0, ""confidence"": 0.98, ""text"": ""10배 정도 할 수 있다. 예. 그러면 그만큼 사실은 새로운 투자가 뭘 대체되는 것도 있긴 하겠지만 투자 시장이 열리는 거죠.""}, {""id"": 3, ""speaker"": 2, ""start_time"": 16.1, ""confidence"": 0.98, ""text"": ""그렇습니다. 예.""}, {""id"": 4, ""speaker"": 1, ""start_time"": 16.8, ""confidence"": 0.98, ""text"": ""충분히 소화된다?""}, {""id"": 5, ""speaker"": 2, ""start_time"": 17.8, ""confidence"": 0.98, ""text"": ""예, 그렇습니다. 예.""}, {""id"": 6, ""speaker"": 1, ""start_time"": 19.6, ""confidence"": 0.97, ""text"": ""뭐 어쨌든 고민을 좀 해보시죠. 어쨌든 어 기업들한테 좀 투 투자자, 벤처 사업자들한테 기회를 주는 거 아니에요?""}, {""id"": 7, ""speaker"": 3, ""start_time"": 31.6, ""confidence"": 0.96, ""text"": ""네. 그 지금 말씀하신 것처럼 저렇게 만들어지는 것도 가능하고 그리고 필요하다고 보는데 모태펀드에도 여러 가지 규정과 그 제한들이 좀 있습니다. 그래서 이건 되고 이건 안 되고. 그러니까 지금 이제 그 스타트업들에서 성장이 좀 된, 어저께 그저께 업스테이지 대표를 만나보면 본인도 이제는 좀 1000억쯤 받고 싶은데 국내에서는 가능하지 않은 규정 속에 있다. 그래서 해외 VC들이 들어올 때는 한국에서 이제 한국 모태나 이런 한국 VC들이 펀드들이 같이 매칭할 수 있는 기준들 같은 것들이 좀 더 조정되면 어떠냐 뭐 이런 얘기들을 하시긴 했는데요.""}, {""id"": 8, ""speaker"": 3, ""start_time"": 68.7, ""confidence"": 0.95, ""text"": ""사항들을 한번 좀 부총리께 상의도 좀 드리고 해서 내용들 상의 드려 가지고 방안 좀 마련...""}, {""id"": 9, ""speaker"": 1, ""start_time"": 75.2, ""confidence"": 0.97, ""text"": ""이게 지금 투자할 수 있는 데가 일단은 이제 재정을 기반으로 한 모태펀드든 뭐 이런 게 있을 거고, 아니면 금융기관들이 하는 우리나라 금융기관은 거의 안 하긴 하지만 원래 금융기관들이 해줘야 되는 거잖아요. 그리고 개인들은, 민간 개인들은 이런 데 참여할 기회를 만들어 줄 수는 없어요?""}, {""id"": 10, ""speaker"": 3, ""start_time"": 96.3, ""confidence"": 0.96, ""text"": ""지금 엔젤이라고 해서 엔젤 투자자들이 있는데 그거는 또 엔젤 투자자라는 자격을 별도로 가져야 하는...""}, {""id"": 11, ""speaker"": 1, ""start_time"": 102.9, ""confidence"": 0.98, ""text"": ""그래서 내가 그 얘기를 하는 건데, 민간에서 투자하려면 무섭잖아요. 원금 날리지 않을까. 그거를 저기, 보장을 해주는, 재정이 그걸 보장을 해 준다든지 일정 정도를, 그렇게 하면 공포감이 좀 줄어들 거 아니에요. 그러면 민간 개인들도 투자할 기회가 생, 좀 많아지지 않습니까?""}, {""id"": 12, ""speaker"": 2, ""start_time"": 125.4, ""confidence"": 0.97, ""text"": ""예. 그렇게도 볼 수 있지만 이제 한국에 지금 생각보다 돈이 지금 굉장히 많은 나라로 볼 수 있습니다.""}, {""id"": 13, ""speaker"": 1, ""start_time"": 131.8, ""confidence"": 0.95, ""text"": ""그러니까요.""}, {""id"": 14, ""speaker"": 2, ""start_time"": 132.9, ""confidence"": 0.97, ""text"": ""그래서 제대로 된 투자와 제대로 된 성과를 내면은 소위 말하는 전문 투자자 내지, 그러니까 재산이 좀 많은 사람들은 적극적으로 참여할 여지는 있다고 봅니다.""}, {""id"": 15, ""speaker"": 1, ""start_time"": 143.9, ""confidence"": 0.98, ""text"": ""네, 그 기회를 열어주자는 거예요.""}, {""id"": 16, ""speaker"": 2, ""start_time"": 145.1, ""confidence"": 0.97, ""text"": ""예, 그렇습니다. 근데 어, 그런 그 세제 지원이나 이런 후순위 바치는 거는 그 최소한으로 일단 하는 게 맞을 것 같습니다. 그래서 그런 조금만 이렇게 넛지할 수 있는 그런 구조를 설계를 하면 많은 자금이 조금 더 미래, 생산 이런 쪽으로 좀 오지 않을까 그렇게 생각합니다.""}, {""id"": 17, ""speaker"": 1, ""start_time"": 163.4, ""confidence"": 0.97, ""text"": ""금융, 이거 중소기업부이기보다는 이제 사실은 금융위 소관일 가능성이 많은데 요새 금융위가 열일하고 있더라고요. 아주 잘하고 계십니다. 이것도 한번 잘 구상해 보시죠 그러면. 네.""}, {""id"": 18, ""speaker"": 2, ""start_time"": 170.2, ""confidence"": 0.95, ""text"": ""예, 감사합니다. 감사합니다.""}, {""id"": 19, ""speaker"": 4, ""start_time"": 177.3, ""confidence"": 0.96, ""text"": ""전에 저, 중소기업 관련해서 재외 국민들 중에 에, 소상공인들이 꽤 있고 그 모임도 있습니다. 그래서 어, 그거 활용하시는 것도 함께 생각해 보시면 좋겠습니다.""}, {""id"": 20, ""speaker"": 3, ""start_time"": 192.1, ""confidence"": 0.94, ""text"": ""네, 네. 그""}, {""id"": 21, ""speaker"": 1, ""start_time"": 193.5, ""confidence"": 0.98, ""text"": ""그 역직구 시장 그 좀 넓히는 거, 요거는 누가 하고 있어요? 전에 제가 얘기 한번 했었던 것 같은데. 역직구 시장이 너무 우리는 위축돼 있다. 이거 좀 키워야 된다. 라고 그때 얘긴데 이건 어느 부처가 담당합니까?""}, {""id"": 22, ""speaker"": 5, ""start_time"": 212.5, ""confidence"": 0.97, ""text"": ""예, 저희 국무조정실입니다. 지난번에 대통령께 한번 보고를 드렸는데요.""}, {""id"": 23, ""speaker"": 5, ""start_time"": 217.3, ""confidence"": 0.96, ""text"": ""예, 그 관세 관련해 가지고 이제 시장이 저희가 지금 굉장히 역직구 분야에 있어서 외국에서 저희가 사오는 건 굉장히 많은데 나가는 게 거의 뭐 10분의 1도 안 된다고.""}, {""id"": 24, ""speaker"": 1, ""start_time"": 225.9, ""confidence"": 0.98, ""text"": ""네.""}, {""id"": 25, ""speaker"": 1, ""start_time"": 227.4, ""confidence"": 0.97, ""text"": ""그렇기 때문에.""}, {""id"": 26, ""speaker"": 5, ""start_time"": 229.2, ""confidence"": 0.96, ""text"": ""예, 예. 그래서 그 부분을 좀 활성화시키기 위해서 저희가 팀 모아 가지고 연구 중에""}, {""id"": 27, ""speaker"": 1, ""start_time"": 234.0, ""confidence"": 0.98, ""text"": ""연구 중에요? 어느 부처가 할지는 아직 미정이고?""}, {""id"": 28, ""speaker"": 5, ""start_time"": 236.9, ""confidence"": 0.97, ""text"": ""예, 뭐 부처가 많이 들어와 있습니다.""}, {""id"": 29, ""speaker"": 1, ""start_time"": 239.0, ""confidence"": 0.98, ""text"": ""너무 오래 연구하시면 안 돼요.""}, {""id"": 30, ""speaker"": 5, ""start_time"": 240.4, ""confidence"": 0.98, ""text"": ""예, 예. 보고 드리도록 하겠습니다.""}, {""id"": 31, ""speaker"": 1, ""start_time"": 242.2, ""confidence"": 0.96, ""text"": ""네. 어쨌든 이, 이게 아마 중소기업들이나 벤처 기업들한테 되게 중요한""}]",gemini,85.50427675247192,2025-10-27 13:10:33,"## 회의록 요약

다음은 회의록의 핵심 내용을 요약한 것입니다.

### 1. 주요 논의 주제
- **벤처/스타트업 투자 시장 확대 방안**: 현재보다 10배 이상으로 투자 시장을 키울 수 있는 잠재력과 필요성에 대해 논의했습니다.
- **민간 투자 활성화**: 전문 투자자뿐만 아니라 일반 개인 투자자들의 벤처/스타트업 투자를 유도하기 위한 방안을 모색했습니다.
- **역직구(해외 판매) 시장 활성화**: 수입에 비해 1/10 수준에 불과한 역직구 시장의 불균형을 해소하고, 중소기업의 해외 판로를 확대하는 방안을 논의했습니다.

### 2. 주요 결정 사항
- **민간 투자 활성화 방안 구상**: 벤처 투자 시장 확대를 위해 민간 자본, 특히 개인 투자자의 참여를 유도할 수 있는 구체적인 방안을 구상하기로 합의했습니다. (금융위 소관 가능성 언급)
- **역직구 시장 활성화 신속 추진**: 현재 국무조정실 주도로 연구 중인 역직구 시장 활성화 방안을 조속히 마련하여 보고하기로 했습니다.

### 3. 액션 아이템
- **[화자 3]** 스타트업 투자 관련 규제 완화 방안을 부총리와 상의 후 구체적인 계획 마련
- **[국무조정실]** 역직구 시장 활성화 연구를 신속히 진행하고 결과 보고
- **[중소기업부/금융위(검토)]** 민간 투자자의 투자 공포감을 줄일 수 있는 제도적 장치(세제 지원, 후순위 보전 등) 설계 및 검토

### 4. 중요한 발언이나 의견
- **투자 시장 잠재력**: 현재 벤처 투자 시장은 적절한 기회만 주어진다면 10배 이상 성장할 수 있는 잠재력을 가지고 있습니다.
- **규제의 한계**: 국내 모태펀드 등의 규제로 인해 성장한 스타트업(예: 업스테이지)이 1,000억 원 규모의 대규모 투자를 받는 데 어려움을 겪고 있습니다.
- **민간 투자 유도 방안**: 정부가 개인 투자자의 원금 손실을 일부 보전해 주는 등 최소한의 '넛지(nudge)'를 제공하면, 시중의 풍부한 유동 자금을 미래 산업으로 유도할 수 있다는 의견이 제시되었습니다.
- **재외국민 소상공인 활용**: 중소기업 관련 정책 추진 시 재외국민 소상공인 네트워크를 활용하는 방안을 함께 고려하자는 제안이 있었습니다.",0.0
3b9709e9db9addf646fc69ffffb53d50,science_clean_multilateral_1_5p_3m.wav,uploads\20251027_132254_science_clean_multilateral_1_5p_3m.wav,40076160,"[{""id"": 0, ""speaker"": 1, ""start_time"": 0.135, ""confidence"": 0.96, ""text"": ""지구 역사상 가장 지루했던 10억 년. 뭐 1억 년 사이에 추워졌다, 뜨거워졌다 하는 게 지군데, 심지어는 한 6억 년 전에는 적도까지 다 얼어버렸어요. 그래서 한 1, 2억 년 단위로 이렇게 출렁출렁 거렸는데 약 18억 년부터 8억 년 사이에는 추운 시기가 전혀 없었다. 그다음에 6,500만 년 전부터 지금까지 주구장창 온도가 떨어졌어요.""}, {""id"": 1, ""speaker"": 1, ""start_time"": 20.735, ""confidence"": 0.95, ""text"": ""그래서 우리는 지구 역사상 굉장히 추운 시기에 살고 있고요, 2만 년 전에 마지막 빙하기가 있었고, 상당히 많은 과학자들이 인간이 빙하기를 막고 있다. 아, 이미 왔었어야 됐다라고 보시는 분들이 많더라고요.""}, {""id"": 2, ""speaker"": 2, ""start_time"": 33.916, ""confidence"": 0.98, ""text"": ""흥미로운 과학 이야기 더욱 재밌게 전해 드립니다. 과학을 보다 정용진입니다.""}, {""id"": 3, ""speaker"": 3, ""start_time"": 38.236, ""confidence"": 0.98, ""text"": ""세종대학교에서 은하를 연구하는 우주먼지 지웅배입니다.""}, {""id"": 4, ""speaker"": 4, ""start_time"": 41.176, ""confidence"": 0.98, ""text"": ""성균관대학교 물리학과 김범준입니다.""}, {""id"": 5, ""speaker"": 5, ""start_time"": 43.246, ""confidence"": 0.98, ""text"": ""부경대학교 환경대기과학과 김백민입니다.""}, {""id"": 6, ""speaker"": 1, ""start_time"": 45.496, ""confidence"": 0.98, ""text"": ""서울대 지리학과 박준재입니다.""}, {""id"": 7, ""speaker"": 2, ""start_time"": 46.996, ""confidence"": 0.97, ""text"": ""자, 오늘도 네이버 보다 카페에 올라온 여러분의 궁금증 해결 먼저 하고 오늘의 주제로 넘어가 보도록 하겠습니다. 곳곳에 아마 있는 거 같긴 한데 마이산 같은 데서는 역 고드름이 이렇게 생기면 거기에 또 뭐 기도도 하고 뭐 그런 모양이에요. 동굴 같은 데는 뭐 종유석 같은 게 위에서 떨어지면서 이제 역고드름 비슷하게 생길 수도 있을 것 같은데 그거 말고 그냥 평평한 물인데 역 고드름이 이렇게 올라오는 모양이죠? 이건 어떻게 물리적으로 가능한 건지 설명 좀 해달라고 하십니다.""}, {""id"": 8, ""speaker"": 4, ""start_time"": 71.739, ""confidence"": 0.96, ""text"": ""그 고드름이 위로 자라는 게 약간 비슷하지만 다른 게 두 가지가 있더라고요. 예를 들어 동굴 바닥 같은 곳이 생각하면 되는데요. 아래는 어는 점보다 낮은 온도. 그리고 천장에서 물방울이 떨어지는 경우엔 석순이 위로 자라는 것과 거의 다르지 않은 이유로 고드름이 위로 자라고요. 그거 말고 그냥 물인데 아이스 스파이크라는 현상이 있대요.""}, {""id"": 9, ""speaker"": 2, ""start_time"": 91.529, ""confidence"": 0.99, ""text"": ""아이스 스파이크는 뭐예요?""}, {""id"": 10, ""speaker"": 4, ""start_time"": 92.419, ""confidence"": 0.96, ""text"": ""예, 그게 온도가 아주 낮은 건 아니고요. 온도가 어느 정도 낮아서 그 물 표면에 얼음도 있고 물도 같이 존재할 수 있을 정도의 온도. 거기서 만약에 얼음 사이에 물이 아직 얼지 않은 영역이 있다고 가정하고 거기서 얼음이 점점 얼게 되면은 물이 얼음으로 되면 부피가 팽창하잖아요. 그 중간에 있는 물이 주변의 얼음이 팽창하니까 얘가 딸려 올라가는 거예요.""}, {""id"": 11, ""speaker"": 2, ""start_time"": 113.539, ""confidence"": 0.98, ""text"": ""밀려서 올라가는 거예요?""}, {""id"": 12, ""speaker"": 4, ""start_time"": 114.499, ""confidence"": 0.96, ""text"": ""예. 그래서 그냥 아무런 뭐가 물방울이 떨어지는 것도 아닌 물이 고여 있는 곳인데 아무런 이유도 없이 갑자기 조금씩 아주 높게는 솟진 않아요. 얼음이 위로 자라는 것을 볼 수 있대요. 그거는 아이스 스파이크. 그다음에 물방울이 떨어져서 석순처럼 아래에서 위로 자라는 건 우리말로 번역하면 아마 얼음 석순 이렇게 부르는 거 같습니다.""}, {""id"": 13, ""speaker"": 2, ""start_time"": 133.588, ""confidence"": 0.97, ""text"": ""예전에 그 이렇게 대접 같은 데다가 물 놓고 얼리잖아요. 각얼음 이렇게 이제 그 케이스 나오기 전에 아마 냉장고에서 했었던 것 같은데. 그렇게 하면 약간 가운데가 솟긴 합니다.""}, {""id"": 14, ""speaker"": 4, ""start_time"": 143.448, ""confidence"": 0.98, ""text"": ""그게 아마 비슷한 현상일 거예요.""}, {""id"": 15, ""speaker"": 2, ""start_time"": 145.298, ""confidence"": 0.95, ""text"": ""냉면기 같은 이렇게 쇠로 된 그릇 하면 밖에부터 일단 온도가 더 차갑게 갈 거 아니에요. 그러니까 아마""}, {""id"": 16, ""speaker"": 4, ""start_time"": 151.378, ""confidence"": 0.98, ""text"": ""밀려나는 거죠.""}, {""id"": 17, ""speaker"": 2, ""start_time"": 152.058, ""confidence"": 0.96, ""text"": ""예. 점점 하면서 가운데 물이 아마 나중에 올라가면 약간 이렇게 피라미드 비슷하게 생기긴 하거든요.""}, {""id"": 18, ""speaker"": 4, ""start_time"": 157.318, ""confidence"": 0.98, ""text"": ""그걸 아이스 스파이크다.""}, {""id"": 19, ""speaker"": 2, ""start_time"": 158.438, ""confidence"": 0.97, ""text"": ""예. 그건 아이스 스파이크다.""}, {""id"": 20, ""speaker"": 4, ""start_time"": 160.178, ""confidence"": 0.96, ""text"": ""약간 올라올 수도 있고 조금 날씨나 아니면 기온에 따라서는 조금 더 많이 봉긋 솟아 오를 수도 있고.""}, {""id"": 21, ""speaker"": 2, ""start_time"": 165.108, ""confidence"": 0.92, ""text"": ""이게 굉장히""}, {""id"": 22, ""speaker"": 4, ""start_time"": 165.848, ""confidence"": 0.96, ""text"": ""아슬아슬해야 되거든요. 너무 온도가 낮으면 가운데에 물이 없잖아요. 그때도 안 생기고 온도가 높으면 얼질 않으니까 안 생기고. 적정한 온도 영역이 있나 봐요.""}, {""id"": 23, ""speaker"": 5, ""start_time"": 174.337, ""confidence"": 0.97, ""text"": ""뾰족하게 이렇게 진짜 특이하게 이렇게 자라려면 물에 여러 가지 성질들이 필요하거든요. 물은 표면 장력 같은 게 있잖아요. 응집력도 있고, 자동차 유리에 막 물방울이 막 달라붙잖아요. 그러니까 표면이 뭔가 이렇게 물방울이 달라붙을 수 있는 얼음 표면이 있어야 돼요. 여기 물컵에다가 종이 이렇게 하면은 물이 타고 올라가잖아요.""}, {""id"": 24, ""speaker"": 5, ""start_time"": 192.477, ""confidence"": 0.97, ""text"": ""근데 가만 생각해 보면 타고 올라가야 될 이유가 별로 없잖아요. 뭔가 이렇게 표면에 들러붙는 다른 물질에 이런 걸 모세관 현상이라고 그러잖아요. 그런 현상들이 좀 물과 얼음이 공존하면서 모세관 현상이 일어나면서 이렇게 성장을 하는 거죠. 그러니까 너무 추우면 안 되고 너무 따뜻하면 녹고. 그 절묘한 온도에서 그런 현상이 일어나는 거 같아요.""}]",gemini,78.72783541679382,2025-10-27 13:24:13,"## 회의록 요약

### 1. 주요 논의 주제
- **역고드름(위로 솟는 고드름)의 형성 원리**: 청취자의 질문에 따라 역고드름이 생성되는 과학적 원리에 대해 집중적으로 논의했습니다.
- **지구의 장기적 기후 변화**: 도입부에서 지구 역사상 기온 변화의 큰 흐름과 현재 인류가 추운 시기에 살고 있다는 점을 언급했습니다.

### 2. 주요 결정 사항
- 본 회의는 정보 공유 및 과학적 설명이 주된 내용으로, 별도의 결정 사항은 없습니다.

### 3. 액션 아이템
- 논의된 내용에 따른 별도의 액션 아이템은 없습니다.

### 4. 중요한 발언이나 의견
- **지구 기후에 대한 관점 (화자 1)**
  - 현재 인류는 지구 역사상 매우 추운 시기에 살고 있으며, 일부 과학자들은 인간의 활동이 다음 빙하기의 도래를 막고 있을 수 있다는 견해를 가지고 있습니다.

- **역고드름의 두 가지 종류 (화자 4: 김범준 교수)**
  1.  **얼음 석순**: 동굴의 석순처럼 위에서 떨어진 물방울이 바닥에서부터 얼어 위로 자라는 형태입니다.
  2.  **아이스 스파이크(Ice Spike)**: 고여있는 물에서 발생하는 현상입니다.

- **아이스 스파이크의 형성 원리 (화자 4: 김범준 교수, 화자 5: 김백민 교수)**
  - **핵심 원리**: 물이 얼 때 부피가 팽창하는 성질 때문에 발생합니다. 용기의 물이 표면부터 얼기 시작할 때, 아직 얼지 않은 내부의 물이 팽창하는 얼음의 압력에 의해 표면의 약한 틈으로 밀려 올라와 뾰족하게 얼어붙습니다.
  - **필요 조건**: 너무 춥거나 따뜻하지 않은, 물과 얼음이 공존할 수 있는 '절묘한 온도'가 유지되어야 합니다.
  - **보충 설명**: 물의 표면 장력과 모세관 현상(물이 표면을 타고 올라가는 성질)이 물이 위로 솟아오르는 것을 도와 스파이크 형태를 만듭니다.",0.0
0be105e7620731673bc406a282237cbb,science_clean_multilateral_2_5p_3m.wav,uploads\20251027_132629_science_clean_multilateral_2_5p_3m.wav,36264164,"[{""id"": 0, ""speaker"": 1, ""start_time"": 0.279, ""confidence"": 0.96, ""text"": ""약간 그 사진에서 보여지는 그 아이스 스파이크는 제가 볼 땐 요건 빨대""}, {""id"": 1, ""speaker"": 2, ""start_time"": 6.573, ""confidence"": 0.95, ""text"": ""아, 저건 너무 심한데요.""}, {""id"": 2, ""speaker"": 3, ""start_time"": 8.183, ""confidence"": 0.94, ""text"": ""저렇게 만들어질 수 있나요?""}, {""id"": 3, ""speaker"": 1, ""start_time"": 9.683, ""confidence"": 0.93, ""text"": ""조작한 거.""}, {""id"": 4, ""speaker"": 4, ""start_time"": 10.591, ""confidence"": 0.97, ""text"": ""제가 보는 사진은 저 정도는 아니고요. 약간 뭉툭하게 올라가요. 젓가락 정도. 젓가락입니다. 젓가락. 예, 그 정도로 이제 유추는 하고 있습니다.""}, {""id"": 5, ""speaker"": 3, ""start_time"": 18.693, ""confidence"": 0.98, ""text"": ""요건 이제 저도 이제 영상을 봤는데 기어가 있어요. 앞에 톱니가 뭐 열 개가 있는데 그게 한 바퀴 돌면 뭐 뒤에 이렇게 한 칸이 움직인다든지. 톱니바퀴 뭐 100개인가? 이렇게 아마 설치가 돼 있으면 이거는 우주의 모든 힘을 다 동원해도 뭐 맨 마지막 바퀴는 돌릴 수 없다 이런 얘기를 들었거든요.""}, {""id"": 6, ""speaker"": 2, ""start_time"": 34.999, ""confidence"": 0.98, ""text"": ""이 영상을 봤는데 힘의 문제는 전혀 아니고요. 시간의 문제예요. n번째 톱니바퀴가 열 바퀴 돌면 n+1번째 톱니바퀴가 한 바퀴 돈다라고 생각하고 이걸 영상을 보니까 톱니바퀴가 100개거든요. 첫 번째가 한 바퀴 도는 게 1초라고 치면 맨 마지막에 한 바퀴 도는 데 걸리는 시간을 이게 전달이 돼야 되잖아요, 열 배씩. 그러면 10의 100승 초예요. 우주의 나이가 10의 18승 초가 안 되거든요.""}, {""id"": 7, ""speaker"": 3, ""start_time"": 59.713, ""confidence"": 0.93, ""text"": ""10의 18승 초가 안 된다고요?""}, {""id"": 8, ""speaker"": 2, ""start_time"": 61.459, ""confidence"": 0.97, ""text"": ""예. 그게 말이 안 됩니다. 그게 힘의 문제가 아니라 그냥 시간이에요.""}, {""id"": 9, ""speaker"": 1, ""start_time"": 64.549, ""confidence"": 0.96, ""text"": ""근데 힘도 문제인 거 같거든요. 한 바퀴 돌리는데 0.001 칼로리가 소모된다 그러면. 아, 그렇지.""}, {""id"": 10, ""speaker"": 3, ""start_time"": 71.723, ""confidence"": 0.95, ""text"": ""그러네요. 예.""}, {""id"": 11, ""speaker"": 2, ""start_time"": 72.479, ""confidence"": 0.97, ""text"": ""그 힘이 아니라 에너지가 문제죠.""}, {""id"": 12, ""speaker"": 1, ""start_time"": 73.849, ""confidence"": 0.94, ""text"": ""에너지.""}, {""id"": 13, ""speaker"": 2, ""start_time"": 74.649, ""confidence"": 0.98, ""text"": ""첫 번째 거를 10의 100승 바퀴 돌려야 되니까.""}, {""id"": 14, ""speaker"": 3, ""start_time"": 77.513, ""confidence"": 0.97, ""text"": ""어떻게든 노력을 해서 만약에 맨 마지막에 있는 톱니를 한 바퀴를 어떻게든 돌려요. 그럴 순 없나?""}, {""id"": 15, ""speaker"": 2, ""start_time"": 83.669, ""confidence"": 0.98, ""text"": ""아, 그 재밌네요. 만약에 얘를 손을 잡고 돌리잖아요. 그럼 이 반대쪽에 있는 첫 번째 톱니바퀴는 10의 100승배 빨리 돌아야 돼요. 그 정도 돌려면 빛의 속도보다 더 빨라야 되겠네요.""}, {""id"": 16, ""speaker"": 3, ""start_time"": 94.443, ""confidence"": 0.95, ""text"": ""그렇죠. 당연히.""}, {""id"": 17, ""speaker"": 1, ""start_time"": 95.439, ""confidence"": 0.96, ""text"": ""어 그러네. 그렇게 생각하면 힘이 문제가 되겠네요.""}, {""id"": 18, ""speaker"": 2, ""start_time"": 97.349, ""confidence"": 0.95, ""text"": ""힘이 문제가 되네요.""}, {""id"": 19, ""speaker"": 3, ""start_time"": 98.643, ""confidence"": 0.98, ""text"": ""그리고 하와이에는 특정한 시기가 되면 물체의 그림이 안 생기는 현상이 생긴다는데, 이거 맞습니까?""}, {""id"": 20, ""speaker"": 4, ""start_time"": 106.421, ""confidence"": 0.98, ""text"": ""아, 네, 이거 되게 유명한 현상입니다. 라하이나 눈이라고 하고요. 엄청 대단한 건 아니에요. 왜냐면 적도 근처로 가면 태양이 뜨고 지는 동안 정수리 위를 거의 완벽하게 지나가는 시즌이 있겠죠. 그때가 되면 조명 자체가 수직하게 나를 비추고 있으니까 깡통을 세워두든, 사람을 세워두든 거의 그림자가 없는 것처럼 대낮에 이제 보이게 되는 거예요.""}, {""id"": 21, ""speaker"": 4, ""start_time"": 127.681, ""confidence"": 0.98, ""text"": ""이 현상이 되게 재밌는 게요, 실제로 이 시즌에 이제 촬영한 사진들이 있어요. 보면은 이제 우리가 항상 그림자가 있는 풍경이 익숙하다 보니까 이 그림자가 없는 순간의 모습을 보면 다 합성 사진 같아요.""}, {""id"": 22, ""speaker"": 3, ""start_time"": 139.643, ""confidence"": 0.9, ""text"": ""아.""}, {""id"": 23, ""speaker"": 4, ""start_time"": 140.471, ""confidence"": 0.98, ""text"": ""네. 그리고 이때 딱 적도 부근에서 이 라하니아 눈을 즐길 수 있는 그 나라에서 사람들이 딱 밖에 나와 가지고 다 이제 인증 사진 찍고 그럽니다. 우리가 약간 농담으로 귀신은 그림자 없다고 하잖아요. 딱 이 때만큼은 이제 요 구간에서는 이제 다 귀신이 되는 거죠. 그림자가 없어지는 순간.""}, {""id"": 24, ""speaker"": 4, ""start_time"": 156.511, ""confidence"": 0.98, ""text"": ""네. 근데 이 라하이나 눈이 나름 천문학 역사에서도 중요한 순간에 등장합니다. 에라토스테네스가 지구 둘레를 재는 그 이야기에서 바로 이걸 활용했어요.""}, {""id"": 25, ""speaker"": 3, ""start_time"": 165.983, ""confidence"": 0.97, ""text"": ""아, 지구 둘레를 그땐 어떻게 쟀어요?""}, {""id"": 26, ""speaker"": 4, ""start_time"": 167.891, ""confidence"": 0.98, ""text"": ""당연히 뭐 지금처럼 인공위성으로 할 수가 없으니까요. 진짜 뚜벅뚜벅 걸어서 지구 둘레를 쟀거든요. 에라토스테네스라고 하는 아주 이상한 사람이 있어요. 참고로 여담으로 이 사람 별명 있습니다. 베타예요.""}, {""id"": 27, ""speaker"": 4, ""start_time"": 178.801, ""confidence"": 0.98, ""text"": ""모든 분야의 2인자였거든요. 동료들이 이 사람 보고 넌 2인자야, 2인자야 그래서 베타라고 불렀어요.""}, {""id"": 28, ""speaker"": 3, ""start_time"": 184.333, ""confidence"": 0.96, ""text"": ""수학, 철학 뭐 이런 거 다 해서?""}, {""id"": 29, ""speaker"": 4, ""start_time"": 185.671, ""confidence"": 0.95, ""text"": ""네.""}, {""id"": 30, ""speaker"": 2, ""start_time"": 186.239, ""confidence"": 0.97, ""text"": ""사실 모든 분야에 베타면은 다 모으면 1등 아니에요?""}, {""id"": 31, ""speaker"": 4, ""start_time"": 188.141, ""confidence"": 0.95, ""text"": ""되게 대단하죠.""}]",gemini,68.47615242004395,2025-10-27 13:27:38,"## 회의록 요약

다음은 회의록의 주요 내용을 요약한 것입니다.

### 1. 주요 논의 주제
1.  **사진 속 '아이스 스파이크'의 진위 여부:** 특이한 모양의 얼음 사진이 자연 현상인지 조작인지에 대해 논의했습니다.
2.  **100개 톱니바퀴 가상 실험:** 100개의 톱니바퀴가 맞물려 있을 때 마지막 톱니를 돌릴 수 있는지에 대한 물리적 한계(시간, 힘, 에너지)를 토론했습니다.
3.  **하와이의 '라하이나 눈(Lahaina Noon)' 현상:** 특정 시기에 물체의 그림자가 사라지는 현상의 원인과 의미에 대해 이야기를 나눴습니다.
4.  **에라토스테네스의 지구 둘레 측정:** '라하이나 눈'과 유사한 원리를 이용해 지구 둘레를 측정한 에라토스테네스의 업적과 그의 별명('베타')에 대해 논의했습니다.

### 2. 주요 결정 사항
*   **아이스 스파이크:** 사진 속 얼음은 인위적으로 조작되었을 가능성이 높다는 데 의견을 모았습니다.
*   **톱니바퀴 실험:** 해당 실험은 물리적으로 불가능하다는 결론을 내렸습니다.
    *   **시간의 문제:** 첫 톱니를 돌릴 경우, 마지막 톱니가 한 바퀴 도는 데 우주의 나이보다 훨씬 긴 시간(10^100초)이 걸립니다.
    *   **힘/에너지의 문제:** 마지막 톱니를 강제로 돌릴 경우, 첫 톱니는 빛의 속도보다 빠르게 회전해야 하므로 불가능합니다.
*   **라하이나 눈:** 태양이 천정(정수리 바로 위)을 지날 때 그림자가 사라지는 실제 자연 현상임을 확인했습니다.

### 3. 액션 아이템
*   해당 없음

### 4. 중요한 발언이나 의견
*   ""톱니바퀴 실험은 힘의 문제가 아니라 시간의 문제입니다. 마지막 톱니가 한 바퀴 도는 데 걸리는 시간은 10의 100승 초로, 우주의 나이(약 10의 18승 초)보다 훨씬 깁니다.""
*   ""반대로 마지막 톱니를 돌리면 첫 톱니는 빛의 속도보다 빨리 돌아야 하므로, 결국 힘(에너지)의 문제이기도 합니다.""
*   ""'라하이나 눈'은 적도 부근에서 태양이 수직으로 비출 때 그림자가 사라지는 현상이며, 에라토스테네스가 지구 둘레를 잴 때 이 원리를 활용했습니다.""
*   ""에라토스테네스는 여러 학문 분야에서 2인자라는 의미로 '베타'라는 별명을 가졌지만, 이는 오히려 다방면에 능통한 대단한 인물이었음을 의미합니다.""",0.0
54c43025581a7d4ac6e1042192f63c25,science_clean_multilateral_3_5p_3m.wav,uploads\20251027_132841_science_clean_multilateral_3_5p_3m.wav,43386576,"[{""id"": 0, ""speaker"": 1, ""start_time"": 0.233, ""confidence"": 0.98, ""text"": ""인거예요. 그죠? 네. 그래서 이 사람이 어떻게 이제 지구 둘레를 쟀냐면 시에네라고 하는 지역이랑 이집트에서 알렉산드리아라고 하는 지역에 있는데요. 두 지역이 거의 경도가 비슷하고 위도가 한 5에서 7도 정도 차이가 났을 거예요. 지구에 이렇게 둥글다고 하면 한 지역에서 그림자를 재고 또 위도가 살짝 높은 지역에서 그림자를 재는 거죠. 그때 딱 이 시에네라고 하는 아랫지방에서 라하이이나 눈에 해당하는 날짜였어요. 여기에 우물이 하나 있었는데 딱 그 우물을 향해서 수직으로 태양빛이 비추니까 우물 벽 그림자가 하나도 안 보이는 거죠.""}, {""id"": 1, ""speaker"": 1, ""start_time"": 30.603, ""confidence"": 0.98, ""text"": ""완벽하게 여긴 그림자가 없는 날짜였고 그 위쪽 지방의 알렉산드리아에서는 그림자가 지는 거예요. 같은 날인데. 그럼 이걸 보고 어 지구가 평평하지 않다. 지구는 동그란 공률을 갖고 있다. 요거를 이제 간파한 거죠. 그 다음에 뚜벅뚜벅 걸어서 여기에서 여기까지가 몇 발자국인지를 셌어요.""}, {""id"": 2, ""speaker"": 1, ""start_time"": 47.113, ""confidence"": 0.97, ""text"": ""그 다음에 그림자 각도 차이를 보면 이 지역이랑 이 지역이랑 위도 차이가 나오잖아요. 이 정도 각도 차이가 이 정도 발자국 거리라면 전체 360도를 돌았을 땐 지구가 전체 몇 발자국이어야 할지를 계산한 거예요. 근데 그거를 오늘날의 단위로 환산해 보면 꽤 정확합니다.""}, {""id"": 3, ""speaker"": 2, ""start_time"": 63.523, ""confidence"": 0.96, ""text"": ""꽤 정확해요. 와. 진짜 대단한 사람이죠.""}, {""id"": 4, ""speaker"": 2, ""start_time"": 66.543, ""confidence"": 0.98, ""text"": ""사실 그 관측을 중국에서도 고대 했대요. 근데 중국에서 어떻게 해석했는지 아세요? 지구가 평평해요. 태양은 너무 멀리 있는 게 아니라 여기 있어. 그러면 막대가 여기 있으면 그림자가 없잖아요.""}, {""id"": 5, ""speaker"": 2, ""start_time"": 77.743, ""confidence"": 0.98, ""text"": ""막대가 여기 있으면 그림자가 있죠. 이걸 이용하면 지구와 태양 사이의 거리를 잴 수 있어요.""}, {""id"": 6, ""speaker"": 1, ""start_time"": 82.383, ""confidence"": 0.95, ""text"": ""아아. 아. 정확하게 아직도 지구 평평하다고 주장하시는 분들의 주장이 저겁니다.""}, {""id"": 7, ""speaker"": 3, ""start_time"": 89.433, ""confidence"": 0.92, ""text"": ""아, 그래요?""}, {""id"": 8, ""speaker"": 2, ""start_time"": 90.523, ""confidence"": 0.98, ""text"": ""그래서 제가 요 얘기를 좋아하는 게 똑같은 실험 결과인데 어떻게 해석하는지가 딱 하나만 있는 건 아니라는 거예요. 그 사람들이 갖고 있던 전체적인 세계관 안에서 결정을 하게 된다는 것도 재밌고요.""}, {""id"": 9, ""speaker"": 3, ""start_time"": 100.783, ""confidence"": 0.97, ""text"": ""그러면 그 시절에는 천동설이었어요, 지동설이었어요?""}, {""id"": 10, ""speaker"": 1, ""start_time"": 103.353, ""confidence"": 0.98, ""text"": ""아, 이땐 당연히 지구 중심설이었죠.""}, {""id"": 11, ""speaker"": 3, ""start_time"": 105.933, ""confidence"": 0.96, ""text"": ""태양이 충분히 멀리 떨어져 있다고 생각은 했던 모양이네 그 사람은.""}, {""id"": 12, ""speaker"": 1, ""start_time"": 109.153, ""confidence"": 0.98, ""text"": ""아, 이것도 굉장히 정확한 질문이신데요. 나중에 이런 분석을 통해서 에라토스테네스가 또 했던 중요한 발견 중에 하나가 진짜 대단한 게 이 사람이 월식 때 벌어지는 그림자 있잖아요. 그런 걸 가지고 지구랑 달의 상대적인 사이즈도 재봐요. 그리고 그걸 가지고 달이 지구에 비해서 지름이 한 0.25배 정도 된다. 정확해요. 1/4 된다라는 것도 알아내요.""}, {""id"": 13, ""speaker"": 1, ""start_time"": 130.483, ""confidence"": 0.98, ""text"": ""나중에 이제 이런 걸 근거로 아리스타르코스인가 하는 또 다른 수학자가 있어요. 되게 재밌는 추측을 하나 던지거든요. 월식 때 그 지구, 태양 그리고 달의 상대적인 사이즈를 재보니까 태양이 적어도 우리 지구에 비해서 열 배는 큰 거 같다라고 이제 계산을 한 거예요. 그런데 더 큰 애가 왜 더 작은 애 주변을 돌지? 이거 좀 이상한데.""}, {""id"": 14, ""speaker"": 1, ""start_time"": 149.013, ""confidence"": 0.97, ""text"": ""옛날엔 지구가 중심이라고 생각을 했으니까 그래도 큰 애가 중심에 있는 게 좀 더 예쁘지 않을까라고 조심스럽게 제안을 했고 묻혔죠.""}, {""id"": 15, ""speaker"": 3, ""start_time"": 157.613, ""confidence"": 0.94, ""text"": ""이론만 묻힌 거예요, 아니면 사람도 묻혔어요?""}, {""id"": 16, ""speaker"": 1, ""start_time"": 159.103, ""confidence"": 0.98, ""text"": ""아 사람 묻히지 않았어요. 뭐 아주 진지하게 어필한 건 아니었기 때문에.""}, {""id"": 17, ""speaker"": 2, ""start_time"": 162.863, ""confidence"": 0.98, ""text"": ""근데 그 사람의 기록이 잊혀졌다가 아랍을 통해서 다시 유럽으로 수입되거든요. 그래서 그때 코페르니쿠스가 그 아이디어를 연감을 받죠.""}, {""id"": 18, ""speaker"": 3, ""start_time"": 171.713, ""confidence"": 0.97, ""text"": ""그리스나 뭐 로마 당시에 그 뛰어난 과학 기술 이론 같은 것들이 잠시 아랍 쪽으로 가서 피해 있다가 다시 이제 유럽으로 가서 그때부터 이제 르네상스도 시작되고 진짜 좀 아쉽네. 그때 그리스나 뭐 요 때 당시에 철학 같은 과학 같은 것들이 잘 발전을 했으면 어쩌면 지금이랑 매우 좀 다른 결과가 좀 나오지 않았을까 하는 생각이 듭니다.""}, {""id"": 19, ""speaker"": 2, ""start_time"": 192.913, ""confidence"": 0.95, ""text"": ""진작에 화성 갔죠.""}, {""id"": 20, ""speaker"": 1, ""start_time"": 195.933, ""confidence"": 0.98, ""text"": ""물론 이제 이것도 역사 쪽 분들은 평가가 많이 다를 수 있겠지만 흔히 중세의 암흑기라고 하는 그 시기가 있긴 했잖아요. 만약에 그런 시기 없이 바로 르네상스가 이어지고 했다면 아마 인류의 과학의 역사가 좀 단축됐을 수도 있다 뭐 이런 상상은 해 볼 수 있습니다.""}, {""id"": 21, ""speaker"": 3, ""start_time"": 212.153, ""confidence"": 0.98, ""text"": ""근데 저는 그 라하이나 눈 요거는 제가 지금 경험을 해 봤거든요.""}, {""id"": 22, ""speaker"": 2, ""start_time"": 215.463, ""confidence"": 0.91, ""text"": ""어 어디서요?""}, {""id"": 23, ""speaker"": 3, ""start_time"": 215.993, ""confidence"": 0.98, ""text"": ""아니 멕시코에 간 적이 있었는데 정확하게 정말 그림자가 없더라고요. 정수리 위로 태양이 그냥 떨어지는 거예요. 두 시간 정도를 아마 밖에서 있었을 텐데 정말 온몸이 화상을""}]",gemini,42.05755805969238,2025-10-27 13:29:23,"네, 회의록 내용을 바탕으로 주요 사항을 요약해 드리겠습니다.

---

## 회의록 요약

### 1. 주요 논의 주제
*   **고대의 지구 둘레 측정 방법**: 에라토스테네스가 두 지역(시에네, 알렉산드리아)의 그림자 각도 차이와 거리를 이용해 지구 둘레를 계산한 원리에 대해 논의함.
*   **동일 현상에 대한 다른 해석**: 같은 관측 결과(지역에 따라 그림자 길이가 다름)를 두고, 고대 그리스에서는 '지구가 둥글다'고 해석한 반면, 고대 중국에서는 '지구가 평평하고 태양이 가깝다'고 해석한 사례를 비교함.
*   **고대 천문학의 발전과 한계**: 에라토스테네스가 월식을 이용해 달의 크기를 측정하고, 아리스타르코스가 태양의 크기를 근거로 지동설의 가능성을 제기했으나 당시의 지구중심설(천동설)에 묻힌 역사에 대해 이야기함.
*   **과학사의 공백기(암흑기)에 대한 아쉬움**: 고대 그리스/로마의 과학 기술이 중세 암흑기 없이 계속 발전했다면 인류의 과학 발전이 더 빨랐을 것이라는 의견을 나눔.

### 2. 주요 결정 사항
*   해당 사항 없음 (정보 공유 및 토론 위주의 대화)

### 3. 액션 아이템
*   해당 사항 없음

### 4. 중요한 발언이나 의견
*   **에라토스테네스의 측정**: 그림자 각도 차이와 두 지역 간의 거리를 비례식으로 환산하여 지구 전체 둘레를 계산했으며, 이 방법은 오늘날의 값과 비교해도 꽤 정확함.
*   **해석의 중요성 (화자 2)**: ""똑같은 실험 결과인데 어떻게 해석하는지는 하나만 있는 것이 아니다. 사람들은 자신이 가진 전체적인 세계관 안에서 (현상을) 결정하게 된다.""
*   **초기 지동설의 등장 (화자 1)**: 아리스타르코스가 '태양이 지구보다 훨씬 큰데, 왜 더 큰 것이 작은 것 주위를 도는가?'라는 합리적 의문을 제기하며 조심스럽게 지동설을 주장했으나 당시에는 묻힘.
*   **과학사적 상상 (화자 2, 3)**: 고대 그리스의 과학이 중세 암흑기 없이 이어졌다면 ""진작에 화성에 갔을 것""이며, 인류의 과학사가 단축되었을 수 있다는 아쉬움을 표함.",0.0
64df82c34cfcae6ecc04cfb47426e173,science_clean_multilateral_4_5p_2m.wav,uploads\20251027_133108_science_clean_multilateral_4_5p_2m.wav,32397860,"[{""id"": 0, ""speaker"": 1, ""start_time"": 0.5, ""confidence"": 0.95, ""text"": ""제가 박사 논문을 멕시코에서 썼거든요. 그래가지고 멕시코를 한 세 번을 갔었는데 제가 일하던 곳이 한 18도, 20도 정도 됐던 거 같아요.""}, {""id"": 1, ""speaker"": 2, ""start_time"": 8.95, ""confidence"": 0.98, ""text"": ""위도 위도상.""}, {""id"": 2, ""speaker"": 1, ""start_time"": 9.88, ""confidence"": 0.96, ""text"": ""그러면은 정말로 해가 바로 머리 꼭대기에 오르거든요. 그래서 멕시코 사람들 보면은 모자가 이만하거든요.""}, {""id"": 3, ""speaker"": 2, ""start_time"": 15.98, ""confidence"": 0.97, ""text"": ""아, 멕시칸 햇.""}, {""id"": 4, ""speaker"": 1, ""start_time"": 16.71, ""confidence"": 0.98, ""text"": ""그 온몸을 다 가려야 되기 때문에.""}, {""id"": 5, ""speaker"": 3, ""start_time"": 18.95, ""confidence"": 0.94, ""text"": ""양산이네.""}, {""id"": 6, ""speaker"": 2, ""start_time"": 19.8, ""confidence"": 0.99, ""text"": ""그렇죠.""}, {""id"": 7, ""speaker"": 3, ""start_time"": 20.31, ""confidence"": 0.93, ""text"": ""카리브해 쪽에 그 모래들도 하얗게 질린 거 같아. 하도 뜨거워 갖고 까만 모래들은 못 삽니다, 제가 볼 때는. 진짜 엄청 뜨거워요.""}, {""id"": 8, ""speaker"": 2, ""start_time"": 29.41, ""confidence"": 0.97, ""text"": ""여튼 그런 그림자 없는 곳들, 그런 너 있다. 자, 그럼 오늘 본격적인 이야기. 지구의 나이가 46억 년인데 당연히 이제 기후도 왔다 갔다 여러 사이클이 좀 있었겠죠. 그중에서도 무려 한 10억 년 가까이 빙하기가 없었던 시절이 있습니까?""}, {""id"": 9, ""speaker"": 1, ""start_time"": 47.33, ""confidence"": 0.96, ""text"": ""지금으로부터 약 18억 년부터 8억 년 정도까지 빙하기가 없었던 시기가 있었다고.""}, {""id"": 10, ""speaker"": 2, ""start_time"": 53.23, ""confidence"": 0.98, ""text"": ""18억 년 전부터 8억 년.""}, {""id"": 11, ""speaker"": 1, ""start_time"": 54.99, ""confidence"": 0.96, ""text"": ""예, 이게 너무 시간 단위가 커서 잘 안 와닿으실 수 있을 것 같은데요. 요거를 우리가 잘 이해해야 돼요. 최근 80만 년 동안 16번인가 빙하기, 간빙기가 왔다 갔다 했고요. 그다음에 6,500만 년 전부터 지금까지 주구장창 온도가 떨어졌어요.""}, {""id"": 12, ""speaker"": 1, ""start_time"": 69.76, ""confidence"": 0.96, ""text"": ""그래서 우리는 지구 역사상 굉장히 추운 시기에 살고 있고요. 6천만 년 전은 굉장히 뜨거웠겠죠. 공룡이 살던 그 시기는 중생대, 굉장히 뜨거웠어요. 그다음에 그 전으로 가면 또 굉장히 추워져요.""}, {""id"": 13, ""speaker"": 1, ""start_time"": 80.41, ""confidence"": 0.97, ""text"": ""한 1억 년 스케일로 봤을 때 이 지구의 온도가 최근 한 5, 6억 년 사이에는 굉장히 콜드 하우스에 있다가 핫 하우스로 갔다가 지금 콜드 하우스로 간 거예요. 그래서 한 1, 2억 년 단위로 이렇게 출렁출렁 거렸는데 약 18억 년부터 8억 년 사이에는 그런 게 없었다. 추운 시기가 전혀 없었다.""}, {""id"": 14, ""speaker"": 2, ""start_time"": 97.99, ""confidence"": 0.98, ""text"": ""왜 그래요, 그거는?""}, {""id"": 15, ""speaker"": 1, ""start_time"": 98.65, ""confidence"": 0.94, ""text"": ""이산화탄소라든지 화산 활동이라든지 대륙판이 부딪히면서 엄청난 온실가스가 나왔다든지. 정확한 이유는 너무 오래돼 가지고 정확하게는 모르는데 굉장히 뜨거운 시기가 존재했다라는 거죠.""}, {""id"": 16, ""speaker"": 3, ""start_time"": 109.57, ""confidence"": 0.96, ""text"": ""지층이나 아니면 그 퇴적된 걸 보고 이제 연대를 쭉 떠올릴 거 아닙니까? 8억 년하고 18억 년 정도면 몇 미터 정도 이렇게 파면 아 얘는 18억 년, 얘는 8억 년 이렇게 좀 나오는 게 있나요?""}, {""id"": 17, ""speaker"": 1, ""start_time"": 121.21, ""confidence"": 0.97, ""text"": ""그거는 안 나오고요. 보통 보면은 이게 바다에 쌓여 있다가 조륙 운동에 의해서 육지로 이렇게 드러나 가지고 그 다음에 막 풍화, 침식 일어나면서 아래쪽에 있던 게 겉으로 드러나게 되면은 그러면 이제 지질학자들이 가 가지고 연대 측정해 가지고 8억 년 전에서 18억 년 전 사이에 층을 발견해서 그걸 갖고 분석을 하는 거죠.""}, {""id"": 18, ""speaker"": 3, ""start_time"": 139.14, ""confidence"": 0.95, ""text"": ""드러나야지 할 수 있는 거지. 이거를 뭐 이렇게 드릴링 해 가지고는 불가능합니다.""}, {""id"": 19, ""speaker"": 1, ""start_time"": 142.14, ""confidence"": 0.98, ""text"": ""네.""}, {""id"": 20, ""speaker"": 3, ""start_time"": 142.54, ""confidence"": 0.94, ""text"": ""예를 들면 18억 년 전이랑 8억 년이랑 그 사이에 얼마나 쌓이는지가 좀 궁금해 갖고.""}, {""id"": 21, ""speaker"": 1, ""start_time"": 147.14, ""confidence"": 0.98, ""text"": ""아.""}, {""id"": 22, ""speaker"": 2, ""start_time"": 147.64, ""confidence"": 0.95, ""text"": ""100m쯤 되나?""}, {""id"": 23, ""speaker"": 1, ""start_time"": 148.44, ""confidence"": 0.93, ""text"": ""훨씬 더 넘어서는 건가요?""}, {""id"": 24, ""speaker"": 3, ""start_time"": 149.85, ""confidence"": 0.92, ""text"": ""10억 년 정도 되는 그 긴 시간 동안 이 지층이 순차적으로 차곡차곡 쌓인 걸 볼 수는 없을 것 같아 갖고.""}, {""id"": 25, ""speaker"": 1, ""start_time"": 155.54, ""confidence"": 0.94, ""text"": ""예, 막 단층도 생기고 뒤집히기도 하고 막. 그게 아마 여러 지역을 보면서 비교를 해 가지고 밝혀낼 겁니다, 아마.""}, {""id"": 26, ""speaker"": 2, ""start_time"": 162.37, ""confidence"": 0.98, ""text"": ""그래서 18억 년 전하고 8억 년 전 사이 한 10억 년 정도에는 빙하기가 없었던 걸로 판단된다.""}, {""id"": 27, ""speaker"": 3, ""start_time"": 167.8, ""confidence"": 0.99, ""text"": ""네.""}]",gemini,102.22373247146606,2025-10-27 13:32:50,"## 회의록 요약

다음은 회의록의 주요 내용을 간결하게 요약한 것입니다.

### 1. 주요 논의 주제
- 지구 역사상 약 10억 년간 빙하기가 없었던 시기의 존재 여부와 그 원인
- 지구의 장기적인 기후 변화 주기 (핫 하우스 vs 콜드 하우스)
- 과거 지질 시대 연구 방법 (지층 분석)

### 2. 주요 결정 사항
- 논의를 통해 **약 18억 년 전부터 8억 년 전까지 약 10억 년간 빙하기가 없었다는 사실**에 대해 공감대를 형성함. (특별한 의사결정은 없음)

### 3. 액션 아이템
- 해당 없음

### 4. 중요한 발언 및 의견
- **빙하기가 없었던 시기**: 약 18억 년 전부터 8억 년 전까지 약 10억 년 동안 빙하기가 없는 매우 뜨거운 시기가 존재했던 것으로 추정된다.
- **예상 원인**: 정확한 원인은 불확실하지만, 화산 활동이나 대륙판 충돌 등으로 인한 다량의 온실가스 배출이 원인으로 거론된다.
- **현재 지구 기후**: 지구는 약 1~2억 년 주기로 매우 덥거나(핫 하우스) 추운(콜드 하우스) 시기를 반복했으며, 현재 인류는 지구 역사상 비교적 추운 시기('콜드 하우스')에 살고 있다.
- **연구 방법**: 과거의 기후 정보는 땅을 직접 파서 확인하는 것이 아니라, 지각 변동으로 인해 지표면에 드러난 과거의 지층을 연대 측정하고 분석하여 알아낸다.",0.0
78d8e8816dc6ed23b881f43163c79078,251027_165538.m4a,uploads\20251027_165852_251027_165538.m4a,202464,"[{""id"": 0, ""speaker"": 1, ""start_time"": 2.839, ""confidence"": 0.98, ""text"": ""먹어 본 사람들은 모두 똑같이 말하더라고.""}, {""id"": 1, ""speaker"": 2, ""start_time"": 5.129, ""confidence"": 0.97, ""text"": ""뭐라고요?""}, {""id"": 2, ""speaker"": 1, ""start_time"": 6.059, ""confidence"": 0.98, ""text"": ""이거 어디서 파는 건지 항상 물어본단다. 그래서 사 먹는 것""}]",gemini,16.249568939208984,2025-10-27 16:59:08,"네, 제공해주신 회의록 내용을 바탕으로 간결하고 명확하게 요약해 드리겠습니다.

### 회의록 요약

해당 내용은 공식적인 회의라기보다는 특정 제품에 대한 평가를 공유하는 짧은 대화에 가깝습니다. 대화를 바탕으로 핵심 내용을 정리했습니다.

---

**1. 주요 논의 주제**
- 특정 음식(제품)에 대한 소비자들의 긍정적인 반응과 높은 관심

**2. 주요 결정 사항**
- 언급된 내용 없음

**3. 액션 아이템**
- 해당 없음

**4. 중요한 발언이나 의견**
- **화자 1**: ""해당 음식을 먹어본 사람들은 모두 어디서 파는지 물어볼 정도로 반응이 매우 좋다.""
    - 이는 제품의 맛과 품질에 대한 만족도가 매우 높다는 것을 시사합니다.",0.0
