file_hash,filename,file_path,file_size,audio_duration,segments_json,stt_service,stt_processing_time,created_at,summary
95d4d88b7a28e859fff5783f80fb88d1,5_-2EI1jDpDA0c.mp3,uploads\5_-2EI1jDpDA0c.mp3,13614380,567.24,"[{""id"": 0, ""speaker"": 1, ""start_time"": 0.135, ""confidence"": 0.96, ""text"": ""차이나는 클라스 100회 방영을 진심으로 축하드립니다. 백회 중에 제가 다섯 번을 출연을 했는데, 강연하는 사람으로서 평소 딴 데서 하지 않았던 이야기를 많이 이야기를 했고 패널들하고 같이 교감을 했던 것이 차이나는 클라스를 만들지 않았나 그런 생각을 합니다.""}, {""id"": 1, ""speaker"": 1, ""start_time"": 27.777, ""confidence"": 0.98, ""text"": ""서울은 5대 궁궐의 도시다. 한 도성 안에 다섯 개의 궁궐을 갖고 있는 도시는 지구상에 서울 이외에는 꼽을 수가 없어요.""}, {""id"": 2, ""speaker"": 1, ""start_time"": 37.945, ""confidence"": 0.97, ""text"": ""이 경복궁이 어떻게 만들어졌는가 보면은 조선 왕조의 상징적인 것이 이 근정전인데.""}, {""id"": 3, ""speaker"": 1, ""start_time"": 54.576, ""confidence"": 0.98, ""text"": ""이 근정전을 보면은 저 북악산과 인왕산이 있다는 전제하에 근정전이에요. 그러니까 위치가 저것이 있다는 전제하에 지운 거니까 인왕산과 북악산은 사실상 경복궁에 사는 사람들이 누리는 정원이죠. 자연의 정원.""}, {""id"": 4, ""speaker"": 1, ""start_time"": 75.104, ""confidence"": 0.98, ""text"": ""내 집 안에 있는 것만이 정원이 아니고 밖에 있는 정원을 끌어들이는 걸 차경이라고 그러거든요. 그것이 있다는 전제하에 정자도 짓고 집을 짓는 거니까 우리가 이 사용자 입장에서 그 건축을 보면은 옛 사람들의 건축을 더 이해할 수 있고.""}, {""id"": 5, ""speaker"": 2, ""start_time"": 94.52, ""confidence"": 0.91, ""text"": ""어!""}, {""id"": 6, ""speaker"": 1, ""start_time"": 95.1, ""confidence"": 0.98, ""text"": ""신뢰로 봐도 어, 임금을 상징하는 용상이 있고 뒤에는 일월오봉도라고 저게 저 해와 달. 그리고 변함 없는 산, 오래된 소나무.""}, {""id"": 7, ""speaker"": 2, ""start_time"": 107.48, ""confidence"": 0.95, ""text"": ""와, 대칭이 진짜.""}, {""id"": 8, ""speaker"": 1, ""start_time"": 108.99, ""confidence"": 0.98, ""text"": ""예. 저기에 쳐 있는 거는 임금을 상징을 해요. 저 병풍을. 임금이 어디 밖에 나갈 적에도 저 병풍 갖고 다녀요. 저 위에는""}, {""id"": 9, ""speaker"": 1, ""start_time"": 117.73, ""confidence"": 0.97, ""text"": ""칠조룡이 발톱이 일곱 개가 달려 있어.""}, {""id"": 10, ""speaker"": 3, ""start_time"": 122.182, ""confidence"": 0.94, ""text"": ""천장에 이런 게 있었네.""}, {""id"": 11, ""speaker"": 1, ""start_time"": 122.972, ""confidence"": 0.96, ""text"": ""아, 천장 위에.""}, {""id"": 12, ""speaker"": 4, ""start_time"": 124.402, ""confidence"": 0.93, ""text"": ""천장을 볼 생각을 못했네.""}, {""id"": 13, ""speaker"": 5, ""start_time"": 126.582, ""confidence"": 0.95, ""text"": ""멋있잖아요?""}, {""id"": 14, ""speaker"": 6, ""start_time"": 127.952, ""confidence"": 0.94, ""text"": ""디테일을 어떻게 저렇게 만들었지?""}, {""id"": 15, ""speaker"": 1, ""start_time"": 129.562, ""confidence"": 0.97, ""text"": ""아, 디테일 소리가 나오네. 아, 멋있네.""}, {""id"": 16, ""speaker"": 1, ""start_time"": 133.421, ""confidence"": 0.98, ""text"": ""명작은 디테일이 아름다워. God is in the details. 신은 디테일 안에 있대. 디테일이 아름답지 않은 거는 명작이 아니야.""}, {""id"": 17, ""speaker"": 7, ""start_time"": 143.442, ""confidence"": 0.96, ""text"": ""근데 디테일 말씀하셔서 그런데 사실 저도 경복궁 많이 갔지만 그런 디테일을 많이 놓쳤던 거 같아요. 어디를 어떻게 보면 좀 디테일하게 볼 수 있을까 추천을 좀 해주시면 좋을 거 같아요.""}, {""id"": 18, ""speaker"": 1, ""start_time"": 155.1, ""confidence"": 0.98, ""text"": ""네, 두 개만 하지. 하나는 수정전이라고 하는 건물이에요. 이 건물이 경회루 뒤에 저 앞쪽에 있는데, 나 지금도 미안해. 저걸 수정전이라니까 사람들이 그냥 가는데 저 집이 훈민정음을 만든 집현전이에요.""}, {""id"": 19, ""speaker"": 3, ""start_time"": 172.16, ""confidence"": 0.9, ""text"": ""아!""}, {""id"": 20, ""speaker"": 1, ""start_time"": 174.26, ""confidence"": 0.99, ""text"": ""세조가 집현전 학사들이 자꾸 그 걸리적거리니까 집현전을 없애 버렸어요. 그리고 성종 때 가면은 저기가 홍문관 예문관으로 써요. 그리고 임진왜란 지나고 나서 대원군이 복원을 할 적에는 수정전이 되고 여기에서 또 역사적인 사건이 1894년 갑오개혁을 선언한 게 여기예요.""}, {""id"": 21, ""speaker"": 1, ""start_time"": 198.59, ""confidence"": 0.98, ""text"": ""훈민정음이 여기고 갑오개혁이 여기 있는 건물이야.""}, {""id"": 22, ""speaker"": 8, ""start_time"": 202.649, ""confidence"": 0.94, ""text"": ""표지판을 좀 세워주시지.""}, {""id"": 23, ""speaker"": 1, ""start_time"": 204.299, ""confidence"": 0.98, ""text"": ""설명문에는 나오지. 아무튼 훈민정음이 탄생한 곳인데 저기 수정전이라니까 안 가지. 저 수정전이라는 현판은 박물관에 모시고 저 자리에 집현전이라고 써주는 것이 국민들에게 맞는 게 아닌가.""}, {""id"": 24, ""speaker"": 4, ""start_time"": 220.709, ""confidence"": 0.95, ""text"": ""맞네요, 맞아요.""}, {""id"": 25, ""speaker"": 1, ""start_time"": 221.439, ""confidence"": 0.92, ""text"": ""맞죠?""}, {""id"": 26, ""speaker"": 1, ""start_time"": 222.887, ""confidence"": 0.98, ""text"": ""또 이제 또 하나 보여주면 장독대.""}, {""id"": 27, ""speaker"": 5, ""start_time"": 225.247, ""confidence"": 0.94, ""text"": ""이런 게 있어요?""}, {""id"": 28, ""speaker"": 3, ""start_time"": 226.177, ""confidence"": 0.93, ""text"": ""어, 장고.""}, {""id"": 29, ""speaker"": 1, ""start_time"": 226.947, ""confidence"": 0.97, ""text"": ""임금님의 장독이야, 이거.""}, {""id"": 30, ""speaker"": 5, ""start_time"": 230.527, ""confidence"": 0.92, ""text"": ""어디 있어 이거?""}, {""id"": 31, ""speaker"": 6, ""start_time"": 231.777, ""confidence"": 0.95, ""text"": ""실제 된장고추장은?""}, {""id"": 32, ""speaker"": 1, ""start_time"": 232.957, ""confidence"": 0.96, ""text"": ""아, 없지. 없는데.""}, {""id"": 33, ""speaker"": 4, ""start_time"": 235.187, ""confidence"": 0.9, ""text"": ""가져가시게요?""}, {""id"": 34, ""speaker"": 1, ""start_time"": 238.917, ""confidence"": 0.98, ""text"": ""저게 빈 독으로 놓으면은 태풍에 쓰러져요. 그래서 물을 채워 놓거나 모래를 담아서 무게를 유지해 주는데, 저거를 문화재청에서 이걸 다시 그 재현하면서 8도 장독을 다 가져왔어.""}, {""id"": 35, ""speaker"": 1, ""start_time"": 254.451, ""confidence"": 0.98, ""text"": ""이쪽에 끝에 보이는 거는 이 어깨가 둥글고 밑으로 쭉 내려간 라인이 이렇게 돼 있는 거 있죠? 그거는 전라도 독이에요. 그리고 저 가운데 아주 그냥 동글동글하고 야무진 거 있죠? 어, 그건 경상도 독이야.""}, {""id"": 36, ""speaker"": 1, ""start_time"": 271.321, ""confidence"": 0.97, ""text"": ""8도 장독, 장독 전시 즉 생활이 있었던 거. 아, 이런 의미가 있구나.""}, {""id"": 37, ""speaker"": 1, ""start_time"": 277.375, ""confidence"": 0.97, ""text"": ""이게 종묘라고 하는 건물 있잖아.""}, {""id"": 38, ""speaker"": 3, ""start_time"": 280.115, ""confidence"": 0.95, ""text"": ""아, 저건 대박이었어 진짜.""}, {""id"": 39, ""speaker"": 1, ""start_time"": 283.535, ""confidence"": 0.93, ""text"": ""야, 이게 또 가을이 되면 이렇대.""}, {""id"": 40, ""speaker"": 8, ""start_time"": 286.877, ""confidence"": 0.96, ""text"": ""선생님, 근데 종묘하고 사직이 사극에 많이 나오잖아요. 종묘와 사직을 뭐 어찌하시려고. 그게 뭐 뭔 얘기를 하는 건가요?""}, {""id"": 41, ""speaker"": 1, ""start_time"": 295.627, ""confidence"": 0.99, ""text"": ""딘딘이 얘기한 것처럼 종묘와 사직, 좌묘우사라고 그래. 왼쪽에는 종묘가 있어야 되고 오른쪽엔 사직이 있어야 돼. 그것이 종묘와 사직. 사는 땅이고 직은 곡식이에요. 그러니까 사직은 단을 만들어 놓고 거기서 제사 지내는 거야. 이 땅이 풍요롭게 되고 곡식이 잘 되게 해 주십시오는 사직에서 하는 거고.""}, {""id"": 42, ""speaker"": 1, ""start_time"": 321.447, ""confidence"": 0.99, ""text"": ""종묘는 태조 이성계 이래로 역대 왕의 영혼을 모시는 곳이야. 왕이 돌아가시면은 동구릉에다가 모셨죠. 그러면 그 다음에 그분의 위패, 신주. 나무에다가 요렇게 해서 박스에다 이렇게 해 갖고 그 혼을 모셔놓은 집을 모시는 게 종묘.""}, {""id"": 43, ""speaker"": 1, ""start_time"": 341.637, ""confidence"": 0.98, ""text"": ""여기에 19개의 방이 있거든요. 이 19개의 방마다 태조, 태종, 세종, 성종 이렇게 다 그 신주가 모셔져 있어.""}, {""id"": 44, ""speaker"": 1, ""start_time"": 352.627, ""confidence"": 0.97, ""text"": ""근데 조선 시대 왕은 스물일곱 분이에요.""}, {""id"": 45, ""speaker"": 4, ""start_time"": 355.767, ""confidence"": 0.93, ""text"": ""그럼 나머지 분은 어디로 갔는가?""}, {""id"": 46, ""speaker"": 1, ""start_time"": 358.917, ""confidence"": 0.99, ""text"": ""압축? 여기는 역대 왕 중에서 오랫동안 치적을 해서 업적을 남긴 분만 모시고, 그렇지 않고 일찍 죽은 분 뭐 단종이니 인종이니 예종, 경종 이런 분들은 옆에 영녕전이라고 별도의 공간으로 모셨어요.""}, {""id"": 47, ""speaker"": 1, ""start_time"": 380.562, ""confidence"": 0.98, ""text"": ""이 마지막 왕 순종이 들어가니까 제 19실이 딱 찼어. 그리고 영녕전에서는 영친왕이 들어가니까 제 16실이 딱 찼어. 왕조는 거기에서 끝나고 종묘의 정전과 제실도 운명적으로 이제 더 있어도 모실 공간은 그 없었어요.""}, {""id"": 48, ""speaker"": 1, ""start_time"": 401.929, ""confidence"": 0.98, ""text"": ""종묘를 포함해서 5대 궁궐이 우리에게 상징적으로 현실적으로 다가오는 거는 역시 광화문이에요.""}, {""id"": 49, ""speaker"": 1, ""start_time"": 413.231, ""confidence"": 0.98, ""text"": ""1910년 나라를 잃게 되자 일제가 이것부터 부시는 거예요. 광화문부터. 지금 총독부가 저렇게 차지하고 앉았어. 저 근정전만 남겨놓고. 여기에다 총독부 건물을 갖다가 지어 놓고 났는데 그때 궁궐을 갖다가 없애고 이렇게 집을 지었습니다 그렇게 얘기를 했던 거죠.""}, {""id"": 50, ""speaker"": 1, ""start_time"": 439.681, ""confidence"": 0.98, ""text"": ""그랬다가 이제 문민정부 들어오면서 저거를 철거하면서 광화문을 다시 복원을 그 하는데, 저 광화문의 위치가 총독부 건물하고 방향을 맞춰서 남산에 있는 일본인 신사를 바라보고 있었어요. 그거를 3.75도를 바꿔가지고 17m 앞으로 해서 다시 세운 것이 이 광화문이에요, 현재. 이 광화문을 세우기 위해서 공사를 3년 동안 해야 되는데,""}, {""id"": 51, ""speaker"": 1, ""start_time"": 469.891, ""confidence"": 0.98, ""text"": ""강익중이라는 작가가 이 가림막을 만들어서 저 상태로 우리가 3년 살았어요. 공사 중에는 이거를 보고 살았어요.""}, {""id"": 52, ""speaker"": 5, ""start_time"": 480.235, ""confidence"": 0.94, ""text"": ""이게 언제 완공이 된거죠, 선생님?""}, {""id"": 53, ""speaker"": 4, ""start_time"": 482.405, ""confidence"": 0.93, ""text"": ""오래된 일이 아니죠.""}, {""id"": 54, ""speaker"": 1, ""start_time"": 483.705, ""confidence"": 0.94, ""text"": ""아니지, 2007년이지.""}, {""id"": 55, ""speaker"": 1, ""start_time"": 485.851, ""confidence"": 0.98, ""text"": ""저 가운데 있는 그림이 마지막 화원인 심전 안중식 선생이 그 총독부 건물을 짓기 직전 하루 직전에 이 그림을 그리면서 거기다 쓴 게 '백악춘효'. 북악산에 봄날의 새벽이 오기를 기다리는 마음으로 그린 그림이 이 광화문과 뒤에 근정전과 경회루가 해 뜨는 상이 붙어 있는 이 그림이에요.""}, {""id"": 56, ""speaker"": 1, ""start_time"": 511.711, ""confidence"": 0.98, ""text"": ""그리고 결국 이 그림으로 회복해 오는데 우리가 100년이 걸린 거죠.""}, {""id"": 57, ""speaker"": 7, ""start_time"": 517.642, ""confidence"": 0.97, ""text"": ""참 인상적인 게 그렇게 회복이 된 뒤에 광화문이 되게 많은 시민들이 모이는 장이 되고 또 민주주의가 발달하고 그런 자리로서 의미를 갖게 됐으니까 참 문화유산을 단순히 보존하는 게 아니라 정말 우리 시대에도 의미가 있는 자리가 될 수 있겠다는 생각이 들었어요.""}, {""id"": 58, ""speaker"": 1, ""start_time"": 534.832, ""confidence"": 0.96, ""text"": ""아, 덕원 씨가 지금 뭐 피니싱 그 코멘트를 지금 한 거 같아. 멋있네요.""}, {""id"": 59, ""speaker"": 1, ""start_time"": 541.847, ""confidence"": 0.98, ""text"": ""그래서 우리는 서울이 갖고 있는 5대 궁궐의 상징성, 그것이 과거의 이야기로 끝나는 것이 아니라 현재도 진행되고 있는 그곳이다라는 의미를 부여할 수 있습니다.""}]",gemini,79.96808958053589,2025-10-31 13:04:58,
cf0ea7c0c9ad39e5fca6b223521766c8,Eng__-vHiNPkcdSuM.mp3,uploads\Eng__-vHiNPkcdSuM.mp3,23942060,997.56,"[{""id"": 0, ""speaker"": 1, ""start_time"": 1.23, ""confidence"": 0.97, ""text"": ""광화문까지 먼걸음하느라 고생들 많으셨습니다. 여기까지 오시라 한 이유는 조선 왕조 5대 궁궐의 으뜸, 경복궁을 둘러싼 미스터리한 일들을 낱낱이 밝히기 위해서입니다.""}, {""id"": 1, ""speaker"": 1, ""start_time"": 16.34, ""confidence"": 0.98, ""text"": ""경복궁은 조선 개국 당시 창건한 법궁입니다. 건물 곳곳에 보이는 상징물마다 유교 사상이 깃들어 있죠. 하지만 임진왜란 때 소실되고 무려 270여 년간 폐허로 방치됐습니다.""}, {""id"": 2, ""speaker"": 1, ""start_time"": 33.12, ""confidence"": 0.98, ""text"": ""그리고 조선 말, 무너져 가는 왕권을 다시 강화하기 위한 흥선 대원군의 바람으로 중건되는데요. 500년 굴곡의 역사를 지내는 동안 무수한 이야기들이 겹겹이 쌓여 있습니다.""}, {""id"": 3, ""speaker"": 1, ""start_time"": 49.33, ""confidence"": 0.96, ""text"": ""여기는 경복궁의 남쪽 정문 광화문입니다.""}, {""id"": 4, ""speaker"": 1, ""start_time"": 61.52, ""confidence"": 0.97, ""text"": ""광화문 양옆으로 보이는 해치는 이마에 뿔이 달렸지만 아무나 들이받지 않으니까 겁먹을 것 없습니다. 아, 언제나 예외는 존재하는 법. 혹여 죄를 지었거나 옳지 못한 생각을 품고 있다면 이 앞에서 떨쳐버리는 게 좋을 겁니다.""}, {""id"": 5, ""speaker"": 1, ""start_time"": 78.13, ""confidence"": 0.98, ""text"": ""해치에게 옳고 그름을 가리는 재주가 있어서 드리는 말씀입니다.""}, {""id"": 6, ""speaker"": 1, ""start_time"": 84.26, ""confidence"": 0.98, ""text"": ""광화문엔 보시다시피 상단을 무지개처럼 둥글게 만든 홍예문이 셋이나 있죠. 가운데 홍예로는 임금의 가마가 나오고 좌우 홍예로는 세자와 신하들이 다녔습니다. 그렇다고 광화문이 문의 역할만 한 건 아닙니다. 높게 쌓아 올린 석축의 문루에 종을 걸어서 백성들에게 시각을 알리기도 했었으니까요.""}, {""id"": 7, ""speaker"": 1, ""start_time"": 112.68, ""confidence"": 0.98, ""text"": ""조선 시대 임금은 시간을 지배하는 자였습니다.""}, {""id"": 8, ""speaker"": 1, ""start_time"": 119.42, ""confidence"": 0.97, ""text"": ""광화문 안으로 들어서면 본격적인 궁궐이 펼쳐집니다. 넓게 펼쳐진 마당과 흥례문이 보이죠.""}, {""id"": 9, ""speaker"": 1, ""start_time"": 133.51, ""confidence"": 0.98, ""text"": ""궁성 안의 첫 번째 문인 흥례문은 불과 20여 년 전까지만 해도 이 자리에 없었습니다. 1912년 일제가 조선 총독부 청사를 짓기 위해 철거했기 때문이죠. 조선의 민족 정기를 꺾기 위한 그들의 만행이었습니다.""}, {""id"": 10, ""speaker"": 1, ""start_time"": 154.31, ""confidence"": 0.98, ""text"": ""조선 총독부 건물은 해방 이후 중앙청, 국립 중앙 박물관으로 사용하다 1995년 광복 50주년을 맞아 철거 작업에 들어갔습니다.""}, {""id"": 11, ""speaker"": 1, ""start_time"": 166.11, ""confidence"": 0.98, ""text"": ""1997년 조선 총독부 청사를 철거하고 경복궁의 원래 모습을 되찾기 위한 작업이 시작됐습니다. 흥례문도 그 가운데 하나죠.""}, {""id"": 12, ""speaker"": 1, ""start_time"": 179.36, ""confidence"": 0.97, ""text"": ""흥례문 안으로 들어서면 금천이 흐르는데요. 말 그대로 바깥에서 나쁜 기운이 궁 안으로 들어오르는 것을 막기 위해 만든 겁니다.""}, {""id"": 13, ""speaker"": 1, ""start_time"": 191.34, ""confidence"": 0.98, ""text"": ""금천에 놓인 영제교를 건너면 본격적으로 지엄한 임금의 공간이 펼쳐집니다. 영제교 난간 양쪽 엄지기둥에는 네 마리의 서수가 지키고 있는데요. 사악한 기운이나 잡귀가 접근하지 못하게 하는 막중한 임무를 맡고 있죠.""}, {""id"": 14, ""speaker"": 1, ""start_time"": 212.38, ""confidence"": 0.98, ""text"": ""그런데 금천 기슭에 놓인 석수 하나가 심상치 않습니다. 천록이라는 상상 속의 동물이 물기를 바라보며 혀를 내밀고 있는데 얼굴엔 장난기가 가득합니다. 조선의 법궁, 경복궁 안에 어떻게 이토록 웃긴 동물을 만들어 놓을 수 있었던 걸까요?""}, {""id"": 15, ""speaker"": 1, ""start_time"": 237.73, ""confidence"": 0.98, ""text"": ""무섭게 보여야만 사악한 기운을 내쫓을 수 있을 거란 상식을 뒤엎은 유쾌한 역설은 아닐까요? 선조의 해학을 엿볼 수 있는 대목입니다.""}, {""id"": 16, ""speaker"": 1, ""start_time"": 251.51, ""confidence"": 0.98, ""text"": ""영제교를 건너면 근정문이 보입니다.""}, {""id"": 17, ""speaker"": 1, ""start_time"": 260.12, ""confidence"": 0.98, ""text"": ""근정이란 임금의 부지런함이 정치의 으뜸이란 뜻이죠. 그런데 세 개의 문 중 과연 임금은 어느 곳으로 걸어 들어왔을까요? 왼쪽, 오른쪽, 아니면 가운데?""}, {""id"": 18, ""speaker"": 1, ""start_time"": 287.49, ""confidence"": 0.97, ""text"": ""사실 임금은 주로 가마를 타고 이동했습니다. 따라서 임금의 가마가 지나다니는 통로인 가운데 문앞 계단에는 봉황이 새겨진 답도가 있죠.""}, {""id"": 19, ""speaker"": 1, ""start_time"": 303.0, ""confidence"": 0.98, ""text"": ""근정문을 지나면 경복궁의 중심인 근정전이 우뚝 솟아 있습니다.""}, {""id"": 20, ""speaker"": 1, ""start_time"": 314.31, ""confidence"": 0.98, ""text"": ""근정전의 건축미를 가장 아름답게 보려면 어디로 가야 할까요? 근정문에서 오른쪽으로 꺾어 행각을 따라 모서리 맨 끝까지 가야 합니다. 유려하게 뻗은 근정전 처마 끝이 북악산의 능선과 한데 어우러지는 풍경은 자연을 존중한 건축 미학의 절정이라고 할 수 있죠.""}, {""id"": 21, ""speaker"": 1, ""start_time"": 338.43, ""confidence"": 0.98, ""text"": ""사극을 보면 조정에 들어간다는 말이 종종 나옵니다. 그 조정이 바로 근정전 앞마당인데요. 정기 회의나 왕실의 큰 행사가 있을 때 사용하던 곳이죠.""}, {""id"": 22, ""speaker"": 1, ""start_time"": 353.72, ""confidence"": 0.98, ""text"": ""그런데 뭔가 이상합니다. 바닥에 깔린 돌이 꽤나 거칠고 심지어 삐뚤빼뚤 놓여 있어서 잠시라도 한눈을 팔면 걸려 넘어질 것만 같습니다.""}, {""id"": 23, ""speaker"": 1, ""start_time"": 365.14, ""confidence"": 0.98, ""text"": ""그 옛날 돌을 다루는 기술이 부족해서 다듬지 않은 화강암인 박석을 깔아 놓은 걸까요? 이 안에는 조상들의 지혜가 숨어 있습니다. 눈부신 여름날 내리쬐는 햇빛이 박석의 거친 표면과 만나면 난반사가 돼서 눈부심을 막을 수 있죠.""}, {""id"": 24, ""speaker"": 1, ""start_time"": 389.43, ""confidence"": 0.98, ""text"": ""비 오는 날에는 박석 사이의 틈새로 물이 빠져나가 가죽신을 신은 신하들이 미끄러질 염려도 없습니다. 박석 덕분에 조정에서 늘 바닥을 살피며 걸어야 했던 신하들은 절로 경건한 자세를 유지할 수 있었을 테죠.""}, {""id"": 25, ""speaker"": 1, ""start_time"": 406.58, ""confidence"": 0.98, ""text"": ""조정 바닥엔 좌우로 문무관의 품계석들이 놓여 있습니다. 긍전전에 가까울수록 높은 벼슬인데요. 자세히 들여다보니 정이품 품계석 옆에 웬 쇠고리가 박혀 있습니다. 대체 이 쇠고리의 용도는 뭘까요?""}, {""id"": 26, ""speaker"": 1, ""start_time"": 430.39, ""confidence"": 0.98, ""text"": ""해답은 궁중 행사를 그린 의궤도를 보면 알 수 있습니다. 햇빛을 가리기 위해 차일을 칠 때 끈을 고정시키기 위해 박아 놓은 차일 고리란 사실을 말이죠. 하지만 차일로 드넓은 뜰의 햇빛을 모두 가릴 순 없는 법. 고위 관료들만이 그늘의 혜택을 누릴 수 있었습니다.""}, {""id"": 27, ""speaker"": 1, ""start_time"": 451.38, ""confidence"": 0.98, ""text"": ""억울하면 출세하라는 말이 괜히 나온 게 아닌 거 같죠?""}, {""id"": 28, ""speaker"": 1, ""start_time"": 457.16, ""confidence"": 0.98, ""text"": ""자, 이제 근정전으로 올라가 봅니다. 월대라 불리는 돌기단이 두 층으로 돼 있는데요. 안쪽의 상월대에는 청룡, 백호, 주작, 현무 등 사방신이 배치돼 있고 상월대의 나머지 기둥과 하월대에는 12지신이 놓여 있습니다. 여기서 사방신은 동서남북을 12지신은 시간을 뜻하는데요.""}, {""id"": 29, ""speaker"": 1, ""start_time"": 486.14, ""confidence"": 0.98, ""text"": ""근정전 월대에서 자신의 띠를 찾아보는 것도 소소한 재미 중 하나죠. 다만 몇몇은 헛수고가 될 수도 있다는 걸 미리 말씀드립니다. 아쉽게도 이곳에 개와 돼지는 없거든요.""}, {""id"": 30, ""speaker"": 1, ""start_time"": 500.53, ""confidence"": 0.97, ""text"": ""아, 혹시 용띠인 분이 계시다면 근정전 문 앞으로 바짝 다가오시기 바랍니다. 그리고 천장을 바라보세요. 음, 어, 특별한 건 없어 보이죠?""}, {""id"": 31, ""speaker"": 1, ""start_time"": 516.26, ""confidence"": 0.98, ""text"": ""건물의 좌우로 돌아가서 다시 천장을 바라보세요. 중앙에 오색 구름 속을 여유롭게 노니는 황룡 한 쌍이 보일 겁니다. 황룡은 곧 임금을 뜻하죠. 쭉 뻗은 황룡의 발톱이 당장이라도 먹이를 잡아챌 듯 생동감이 넘칩니다.""}, {""id"": 32, ""speaker"": 1, ""start_time"": 535.4, ""confidence"": 0.98, ""text"": ""발톱의 개수는 일곱 개. 덕분에 칠조룡이라고도 불리는데요. 여기서 짚고 넘어갈 것은 중국의 황제를 상징하는 용도 발톱이 다섯 개밖에 없다는 겁니다. 도대체 왜 조선의 근정전에 칠조룡이 등장하게 된 걸까요?""}, {""id"": 33, ""speaker"": 1, ""start_time"": 561.2, ""confidence"": 0.98, ""text"": ""창건 당시부터 있었는지 흥선 대원군이 중건하면서 그려 넣었는지는 알 수 없습니다. 만일 후자가 맞다면 청나라의 영향권에서 벗어나기 위한 흥선 대원군의 의지가 들어갔을 거라는 추측을 해볼 뿐이죠.""}, {""id"": 34, ""speaker"": 1, ""start_time"": 578.13, ""confidence"": 0.98, ""text"": ""근정전에서 내려올 때 계단 주변을 잘 살펴보시기 바랍니다. 아직 볼 게 하나 더 남았거든요. 드무라는 둥글넓적한 무쇠통 말입니다.""}, {""id"": 35, ""speaker"": 1, ""start_time"": 591.07, ""confidence"": 0.98, ""text"": ""물을 담아 건물 주위에 배치해 화재 시 불을 끄는 일종의 방화수통이죠. 겨울에는 불을 지펴 방화수가 얼지 않도록 관리했습니다.""}, {""id"": 36, ""speaker"": 1, ""start_time"": 602.44, ""confidence"": 0.98, ""text"": ""그런데 아무리 봐도 이 정도의 물로 거대한 근정전의 불을 끄는 건 어림없어 보입니다. 그럼에도 드무에 물을 가득 채워뒀던 이유는 뭘까요?""}, {""id"": 37, ""speaker"": 1, ""start_time"": 617.15, ""confidence"": 0.97, ""text"": ""사실 드무엔 불귀신이 불장난을 치러 왔다가 물에 비친 자신의 흉측한 모습을 보고 도망간다는 이야기가 깃들어 있습니다. 즉, 실용적 기능보다는 주술적 의미가 더 강하다고 볼 수 있죠.""}, {""id"": 38, ""speaker"": 1, ""start_time"": 634.06, ""confidence"": 0.98, ""text"": ""경복궁을 화마로부터 지키고자 했던 선조들의 노력은 경회루로 이어집니다. 말이 나온 김에 함께 가 보시죠.""}, {""id"": 39, ""speaker"": 1, ""start_time"": 657.42, ""confidence"": 0.97, ""text"": ""조선 시대 목조 건물의 백미로 꼽히는 경회루는 왕이 큰 연회를 베풀거나 외국 사신 접대 등을 위해 쓰이던 누각입니다. 아, 얼마 전에 BTS가 경회루 앞에서 퍼포먼스를 선보여서 세계적인 연회장이 되기도 했죠. 지금은 누구나 쉽게 볼 수 있지만 과거엔 높은 담장으로 둘러싸여서 임금의 초대를 받은 자만이 감상할 수 있었습니다.""}, {""id"": 40, ""speaker"": 1, ""start_time"": 686.61, ""confidence"": 0.98, ""text"": ""조선의 열 번째 국왕인 연산군은 기생 조직인 흥청과 함께 경회루에서 음주 가무를 즐겼다는 기록이 전해 내려오는데요. 돈이나 재물을 마구 쓴다는 의미의 흥청망청은 여기에서 나온 말이죠. 그런데 지난 1997년 경회루 연못에 생각지도 못한 존재가 발견됐습니다.""}, {""id"": 41, ""speaker"": 1, ""start_time"": 708.47, ""confidence"": 0.98, ""text"": ""길이 146cm, 무게 66kg의 커다란 용이 발견된 거죠. 대체 누가, 언제, 왜, 경회루 연못에 용을 넣어 둔 걸까요?""}, {""id"": 42, ""speaker"": 1, ""start_time"": 727.22, ""confidence"": 0.98, ""text"": ""그 내막은 고종 때 경회루를 중건하면서 기록한 경회루 연건일기에 잘 나와 있습니다. 화재를 제압하는 목적으로 물을 다스리는 영물인 용을 연못에 잠수시켰다고 말이죠.""}, {""id"": 43, ""speaker"": 1, ""start_time"": 743.18, ""confidence"": 0.98, ""text"": ""중건 당시 경회루는 이미 임진왜란 때 돌기둥만 남기고 전소돼 무려 270여 년간 방치된 상태였습니다. 따라서 화재 예방에 신경 쓸 수밖에 없었죠.""}, {""id"": 44, ""speaker"": 1, ""start_time"": 758.45, ""confidence"": 0.98, ""text"": ""용 덕분인지 경회루는 일제 강점기, 6.25 전쟁을 치르는 동안 무사히 살아남아 우리 곁을 지키고 있습니다. 아, 그럼 용은 어디에 있냐고요? 국립 고궁 박물관에 가면 만날 수 있습니다.""}, {""id"": 45, ""speaker"": 1, ""start_time"": 775.62, ""confidence"": 0.98, ""text"": ""경복궁은 크게 두 영역으로 나뉩니다. 임금의 정치 공간인 외전과 생활 공간인 내전.""}, {""id"": 46, ""speaker"": 1, ""start_time"": 794.15, ""confidence"": 0.98, ""text"": ""그중 임금의 침전인 강녕전은 내전의 핵심 건물이죠. 침소는 아홉 칸의 방으로 이루어졌는데요. 임금은 한가운데서 잠을 청하고 나머지 공간에선 지밀상궁과 나인들이 곁을 지켰습니다.""}, {""id"": 47, ""speaker"": 1, ""start_time"": 816.31, ""confidence"": 0.98, ""text"": ""자, 그렇다면 왕자 생산을 위한 합궁은 어떻게 이루어졌을까요? 중전과의 합궁을 위해선 아무리 임금이라 할지라도 중전의 침전인 교태전으로 가야 했습니다.""}, {""id"": 48, ""speaker"": 1, ""start_time"": 831.38, ""confidence"": 0.98, ""text"": ""강녕전에서 교태전으로 들어서려면 양의문을 지나야 합니다. 양의란 곧 양과 음으로 양은 임금, 음은 중전을 뜻하죠. 양의문 안쪽에는 걸쇠가 달려 있는데요. 제아무리 임금이라 해도 중궁에서 걸쇠를 풀어 줘야 교태전에 발을 들일 수 있다는 걸 상징적으로 보여줍니다.""}, {""id"": 49, ""speaker"": 1, ""start_time"": 855.93, ""confidence"": 0.98, ""text"": ""그러니 혹시라도 교태전이란 이름을 두고 중전이 교태를 부리는 공간이란 식의 농담은 삼가는 게 좋겠습니다. 참고로 여기에 쓰인 교태는 하늘과 땅의 기운이 조화롭게 화합하여 만물이 생성한다는 의미를 담고 있죠.""}, {""id"": 50, ""speaker"": 1, ""start_time"": 874.25, ""confidence"": 0.98, ""text"": ""왕과 왕비의 침전인 강녕전과 교태전도 수차례 굴곡을 겪었습니다. 1917년 화재로 창덕궁 침전이 불에 타자 일제는 목재를 조달한다는 명분으로 강녕전과 교태전을 뜯어 갔습니다. 지금의 건물은 1994년에 복원된 겁니다.""}, {""id"": 51, ""speaker"": 1, ""start_time"": 902.49, ""confidence"": 0.98, ""text"": ""약간의 눈썰미가 있는 분들이라면 경복궁의 주요 건물들이 일직선으로 지어졌다는 것을 눈치채셨을 겁니다. 광화문부터 근정전, 강녕전, 사정전, 교태전으로 이어지는 중심축 좌우로는 경회루, 소주방과 같은 부대 시설이 자리잡고 있는데요. 동쪽에 위치한 건물 중 가장 눈여겨 봐야 할 것이 바로 동궁입니다.""}, {""id"": 52, ""speaker"": 1, ""start_time"": 929.43, ""confidence"": 0.98, ""text"": ""떠오르는 태양, 즉 왕세자를 위한 공간이죠. 동궁의 역사는 세자를 향한 마음이 누구보다 세심했던 임금 세종이 자선당을 지으면서부터 시작됐습니다. 효심이 깊었던 문종은 즉위할 때까지 무려 28년 동안 동궁에 머물렀죠.""}, {""id"": 53, ""speaker"": 1, ""start_time"": 956.1, ""confidence"": 0.98, ""text"": ""경복궁은 대대손손 큰 복을 누리고 번영하라는 뜻입니다. 조선 왕조 제1의 법궁답게 330여 동의 건물들이 미로처럼 빽빽히 들어서 웅장한 모습이었죠.""}, {""id"": 54, ""speaker"": 1, ""start_time"": 971.32, ""confidence"": 0.98, ""text"": ""비록 일제 강점기에 많은 정각들이 파괴됐지만 수십 년에 걸쳐 복원이 진행 중입니다. 그와 동시에 사라졌던 건물들이 품고 있는 미스터리도 하나, 둘 부활할 겁니다. 경복궁 이야기는 아직 끝나지 않았습니다.""}]",gemini,137.1413233280182,2025-10-31 13:22:24,
01ffbff151c014de91c2758875fa76e2,-lds-UtOBISI.mp3,uploads\-lds-UtOBISI.mp3,28644524,1193.496,"[{""id"": 0, ""speaker"": 1, ""start_time"": 0.108, ""confidence"": 0.95, ""text"": ""우리나라 전 국토를 박물관 삼아 우리 문화유산의 순고한 가치를 전파하는 유홍준 교수님이십니다. 아유 안녕하세요.""}, {""id"": 1, ""speaker"": 2, ""start_time"": 6.548, ""confidence"": 0.98, ""text"": ""아유""}, {""id"": 2, ""speaker"": 1, ""start_time"": 7.958, ""confidence"": 0.97, ""text"": ""아이 이 아이 일어나서 또 이렇게. 직접 소개를 좀 해 주시죠.""}, {""id"": 3, ""speaker"": 2, ""start_time"": 12.618, ""confidence"": 0.99, ""text"": ""나의 문화유산 답사기를 쓴 유홍준이라고 합니다.""}, {""id"": 4, ""speaker"": 1, ""start_time"": 17.158, ""confidence"": 0.99, ""text"": ""아!""}, {""id"": 5, ""speaker"": 1, ""start_time"": 18.968, ""confidence"": 0.96, ""text"": ""이게 그 사실 93년에 발매된 첫 그 나의 문화유산 답사기 책이 대한민국 인문도서 최초로 판매부수 100만 부를 찍고 현재까지 그 시리즈가 총 12권이 출간됐는데 지금까지 총 누적 판매 부수가 이게 얼마나 됩니까?""}, {""id"": 6, ""speaker"": 2, ""start_time"": 33.638, ""confidence"": 0.94, ""text"": ""그거 혀보지 않았는데""}, {""id"": 7, ""speaker"": 1, ""start_time"": 35.058, ""confidence"": 0.98, ""text"": ""저희가 세 봤는데 500만 부""}, {""id"": 8, ""speaker"": 2, ""start_time"": 37.378, ""confidence"": 0.99, ""text"": ""그래요?""}, {""id"": 9, ""speaker"": 1, ""start_time"": 37.788, ""confidence"": 0.99, ""text"": ""예. 500만 부.""}, {""id"": 10, ""speaker"": 3, ""start_time"": 39.698, ""confidence"": 0.98, ""text"": ""500만.""}, {""id"": 11, ""speaker"": 1, ""start_time"": 40.028, ""confidence"": 0.99, ""text"": ""교수님 책 읽어 보셨습니까?""}, {""id"": 12, ""speaker"": 3, ""start_time"": 41.618, ""confidence"": 0.98, ""text"": ""아, 뭐 교수님 책은 이제 필독이죠.""}, {""id"": 13, ""speaker"": 2, ""start_time"": 44.068, ""confidence"": 0.95, ""text"": ""가르치지 않아요? 예 예 예 예.""}, {""id"": 14, ""speaker"": 3, ""start_time"": 45.518, ""confidence"": 0.93, ""text"": ""그래서 뭐 교수님의 책 내용에는 뭐 대한민국의 모든 것이 뭐 박물관이다라고도 뭐 쓰시기도 하셨는데 저는 아직까지 읽지는 못했습니다. 읽겠습니다.""}, {""id"": 15, ""speaker"": 2, ""start_time"": 56.068, ""confidence"": 0.99, ""text"": ""아 예.""}, {""id"": 16, ""speaker"": 1, ""start_time"": 56.918, ""confidence"": 0.98, ""text"": ""아니 근데 인세가 여기 어마어마하시겠는데요.""}, {""id"": 17, ""speaker"": 2, ""start_time"": 59.748, ""confidence"": 0.97, ""text"": ""아, 그게 인세 조셉 저 곱하기 더하기 좀 할 줄 알아?""}, {""id"": 18, ""speaker"": 3, ""start_time"": 64.778, ""confidence"": 0.98, ""text"": ""예, 저 조금 전에 계산을 이미 했습니다. 만 원으로 쳤을 때 50억 나오더라고요.""}, {""id"": 19, ""speaker"": 2, ""start_time"": 68.528, ""confidence"": 0.96, ""text"": ""아 그게 아니야. 그게 계산이 잘못됐죠.""}, {""id"": 20, ""speaker"": 1, ""start_time"": 71.008, ""confidence"": 0.97, ""text"": ""교수님 깜짝 놀라신다고. 속으로 50억을 계산하고 있어.""}, {""id"": 21, ""speaker"": 2, ""start_time"": 75.388, ""confidence"": 0.96, ""text"": ""지금 이제 29년 동안 팔린 건데 그 계산을 하면은 500 곱하기 300만 더하기 800 곱하기 100만 더하기 1200 곱하기 100만""}, {""id"": 22, ""speaker"": 1, ""start_time"": 90.608, ""confidence"": 0.94, ""text"": ""아 지금 주산학원 같은데 지금? 암산학원.""}, {""id"": 23, ""speaker"": 2, ""start_time"": 93.048, ""confidence"": 0.97, ""text"": ""그다음에 종합소득세가 38%. 거기다 지방세 3.8% 들어갔어. 그거 뺀 나머지가 이제""}, {""id"": 24, ""speaker"": 1, ""start_time"": 101.228, ""confidence"": 0.98, ""text"": ""아 교수님, 정확하시네요.""}, {""id"": 25, ""speaker"": 1, ""start_time"": 103.648, ""confidence"": 0.98, ""text"": ""인세를 이렇게까지""}, {""id"": 26, ""speaker"": 2, ""start_time"": 106.858, ""confidence"": 0.97, ""text"": ""책을 통해 가지고서 번 거를 좀 의미 있게 문화유산과 함께 하는 게 어떤가 생각을 해 가지고 제주 추사관이라고 하는 추사 기념관에 있는 유물 중에 35점을 내가 기증한 거예요.""}, {""id"": 27, ""speaker"": 1, ""start_time"": 121.218, ""confidence"": 0.99, ""text"": ""아""}, {""id"": 28, ""speaker"": 2, ""start_time"": 126.178, ""confidence"": 0.95, ""text"": ""저 부여 문화원에는 지금 유홍준 교수 기증 유물실이 따로 있어 가지고 백제와 부여에 관한 그림과 글씨 쓰고""}, {""id"": 29, ""speaker"": 2, ""start_time"": 144.438, ""confidence"": 0.96, ""text"": ""그러니까 뭐 도네이션 돈으로 할 수도 있지만은 내가 좋은 문화재를 필요한 곳에다가 이렇게 해주는 게 좋겠다.""}, {""id"": 30, ""speaker"": 1, ""start_time"": 153.638, ""confidence"": 0.98, ""text"": ""이건 자랑이지.""}, {""id"": 31, ""speaker"": 3, ""start_time"": 154.648, ""confidence"": 0.97, ""text"": ""아 이거는 뭐 저희가 진짜 대단하신""}, {""id"": 32, ""speaker"": 1, ""start_time"": 157.688, ""confidence"": 0.96, ""text"": ""아니 근데 이게 저 교수님이 책 쓰실 때 아주 그 저 나름의 그 치밀한 전략이 또 좀 있으시다고 그래요.""}, {""id"": 33, ""speaker"": 2, ""start_time"": 163.248, ""confidence"": 0.97, ""text"": ""전략이 아니라 이제 습관이 있는데요. 어떤 불국사에 대해서 쓴다 했을 적에 불국사에 관한 그 팩트 자체는 움직이지 않잖아요. 근데 이거를 어떻게 예능화하는가 어? 독자들에게 여기를 끌고 가는가 이거를 이제 구상을 하는데 근데 그거를 구상할 적에 이 메모하는 습관이 있는데 난 되게 부채에다 했어요.""}, {""id"": 34, ""speaker"": 1, ""start_time"": 190.048, ""confidence"": 0.99, ""text"": ""부채요?""}, {""id"": 35, ""speaker"": 3, ""start_time"": 190.498, ""confidence"": 0.99, ""text"": ""부채요?""}, {""id"": 36, ""speaker"": 2, ""start_time"": 191.518, ""confidence"": 0.98, ""text"": ""그 내가 갖고 왔는데. 이게 이제 옛날. 이 이제 이거 5,000원짜리 부채인데 여기 이걸 메모를 계속 해요.""}, {""id"": 37, ""speaker"": 1, ""start_time"": 202.838, ""confidence"": 0.97, ""text"": ""이야. 하다가 또 고쳐요 막.""}, {""id"": 38, ""speaker"": 2, ""start_time"": 205.358, ""confidence"": 0.98, ""text"": ""응? 그래가지고 이거 하나만으로도 안 되지. 근데 이것만 이렇게 해서 버리면은 좀 아깝잖아. 그럼 뭐 뒤에다가 이제 내가 그림을 이렇게 그려.""}, {""id"": 39, ""speaker"": 1, ""start_time"": 215.608, ""confidence"": 0.97, ""text"": ""아 이거 원래 있는 게 아니고 그리신 거예요? 나는 이게 디자인이 이렇게 나온 건 줄 알았는데.""}, {""id"": 40, ""speaker"": 2, ""start_time"": 224.208, ""confidence"": 0.98, ""text"": ""저 그 노루 한 마리 그리고""}, {""id"": 41, ""speaker"": 1, ""start_time"": 225.848, ""confidence"": 0.99, ""text"": ""크""}, {""id"": 42, ""speaker"": 3, ""start_time"": 227.208, ""confidence"": 0.99, ""text"": ""근데 왜 부채를 선택을 하셨어요?""}, {""id"": 43, ""speaker"": 2, ""start_time"": 229.188, ""confidence"": 0.98, ""text"": ""이게 흔들려도 관계없이 쓸 수 있고. 아""}, {""id"": 44, ""speaker"": 1, ""start_time"": 233.098, ""confidence"": 0.98, ""text"": ""아, 여기에 그거 쓰셨네요.""}, {""id"": 45, ""speaker"": 3, ""start_time"": 234.928, ""confidence"": 0.99, ""text"": ""그 뭐?""}, {""id"": 46, ""speaker"": 1, ""start_time"": 236.068, ""confidence"": 0.98, ""text"": ""여기 보면 메모에 500 곱하기 300만""}, {""id"": 47, ""speaker"": 2, ""start_time"": 242.188, ""confidence"": 0.93, ""text"": ""이게 아까 아까 이걸 아까 여기 와서 28% 예 3.8% 여기다가 실제로 메모 아 계산해. 아.""}, {""id"": 48, ""speaker"": 1, ""start_time"": 249.598, ""confidence"": 0.98, ""text"": ""아 여기 있네요. 500 곱하기 300만, 800 곱하기""}, {""id"": 49, ""speaker"": 1, ""start_time"": 257.338, ""confidence"": 0.95, ""text"": ""사실 나의 문화유산 답사기라는 책으로 그야말로 이제 뭐 대한민국 이 답사 예 이 신드롬을 좀 일으키셨는데""}, {""id"": 50, ""speaker"": 1, ""start_time"": 290.888, ""confidence"": 0.97, ""text"": ""아니 이게 저 교수님이 가장 처음으로 다룬 지역이 이제 전남 강진하고 해남인데, 첫 답사지로 선택한 이유가 있습니까?""}, {""id"": 51, ""speaker"": 2, ""start_time"": 298.148, ""confidence"": 0.96, ""text"": ""그 우리 국토가 얼마나 넓은데 남한 전체는 300억 평. 문화유산 하면은 경주 공주 부여만 생각한단 말이에요.""}, {""id"": 52, ""speaker"": 1, ""start_time"": 305.328, ""confidence"": 0.99, ""text"": ""300억 300억 평""}, {""id"": 53, ""speaker"": 1, ""start_time"": 311.518, ""confidence"": 0.98, ""text"": ""대표적인 게 이제 경주가 떠오르긴 하죠. 예.""}, {""id"": 54, ""speaker"": 2, ""start_time"": 314.028, ""confidence"": 0.98, ""text"": ""그게 아니다. 이 국토의 땅끝을 가도 거기에도 우리 의미 있는 선현들의 자치가 있고 아름다운 게 있다.""}, {""id"": 55, ""speaker"": 2, ""start_time"": 325.568, ""confidence"": 0.96, ""text"": ""실제로 우리 국토의 아름다움을 극명하게 보여주는 거는 오히려 강진 해남 땅끝을 가는 거고 더군다나 온 국민이 다 좋아하는 다산 정약용 선생이 거기에서 물경 18년 동안 유배 생활을 하고 목민심서를 썼는데""}, {""id"": 56, ""speaker"": 1, ""start_time"": 350.078, ""confidence"": 0.98, ""text"": ""교수님, 목민심서가 뭔지 좀 간략하게 좀 얘기를 해주시죠.""}, {""id"": 57, ""speaker"": 2, ""start_time"": 353.328, ""confidence"": 0.97, ""text"": ""목민이라고 하는 게 뭐 목민관이라고 하면은 옛날에 지방 수령을 목민관이라고 했는데 백성을 다스리는 수령이 간직해야 될 심. 어.""}, {""id"": 58, ""speaker"": 1, ""start_time"": 360.848, ""confidence"": 0.98, ""text"": ""아, 목민관이군요.""}, {""id"": 59, ""speaker"": 1, ""start_time"": 367.938, ""confidence"": 0.96, ""text"": ""자기 개발서네. 그러니까요. 저 관리 개발서. 목민 심서는 관리 근데 이렇게 딱 하잖아요? 이거 나중에 시험 보실 때 생각난다. 목민 심서는 관리 개발서 목민 심서.""}, {""id"": 60, ""speaker"": 2, ""start_time"": 371.798, ""confidence"": 0.95, ""text"": ""관리 개발""}, {""id"": 61, ""speaker"": 3, ""start_time"": 380.548, ""confidence"": 0.97, ""text"": ""우리 주변에도 그 문화 유산이 굉장히 많다. 그러니까 우리 동네에도 막 문화 유산이 있고.""}, {""id"": 62, ""speaker"": 1, ""start_time"": 382.648, ""confidence"": 0.99, ""text"": ""네.""}, {""id"": 63, ""speaker"": 2, ""start_time"": 386.308, ""confidence"": 0.97, ""text"": ""그래서 이번에 서울 답사기를 쓰는데 인사동, 북촌, 서촌 이거는 내가 여태까지 살아오면서 살던 고장이잖아요. 청운 국민학교를 나왔단 말이에요. 내가 다닌 국민학교. 그 시절에는 이제 어떻고 이 골목은 어떻게 생겼고 여긴 누가 살았었고 지금은 어떻게 됐고 하는 그런 얘기들을 그냥 쭉 썼어요. 거기다가.""}, {""id"": 64, ""speaker"": 1, ""start_time"": 397.638, ""confidence"": 0.99, ""text"": ""그렇죠 그렇죠.""}, {""id"": 65, ""speaker"": 1, ""start_time"": 411.578, ""confidence"": 0.99, ""text"": ""거기다가?""}, {""id"": 66, ""speaker"": 2, ""start_time"": 417.788, ""confidence"": 0.96, ""text"": ""인사동은 지금은 뭐 쌈지길로 해 갖고 관광객으로 꽉 차 있지만 그전에는 고미술 거리였죠. 그전에는 화랑가였죠. 그전에는 고서점이었죠.""}, {""id"": 67, ""speaker"": 1, ""start_time"": 424.848, ""confidence"": 0.99, ""text"": ""예, 그렇죠.""}, {""id"": 68, ""speaker"": 3, ""start_time"": 426.658, ""confidence"": 0.99, ""text"": ""네, 맞아요.""}, {""id"": 69, ""speaker"": 1, ""start_time"": 450.528, ""confidence"": 0.97, ""text"": ""교수님, 어 교수님이 이제 서울에 있는 궁궐도 책에서 이제 다룬 적이 있으신데, 서울에는 이제 경복궁, 창덕궁, 창경궁, 덕수궁, 경희궁. 총 다섯 개의 궁궐이 있는데 다른 나라에도 이렇게 한 도시에 많은 궁궐이""}, {""id"": 70, ""speaker"": 3, ""start_time"": 460.028, ""confidence"": 0.95, ""text"": ""아 진짜 예쁜 것이 많다.""}, {""id"": 71, ""speaker"": 2, ""start_time"": 465.128, ""confidence"": 0.98, ""text"": ""아 없어요. 없습니까?""}, {""id"": 72, ""speaker"": 2, ""start_time"": 466.448, ""confidence"": 0.96, ""text"": ""어 내가 문화재청장 할 적에 덴마크 여왕도 오고 그 스웨덴 그 왕도 왔는데 이분들이 오면은 꼭 이제 고궁을 방문해요. 그 나라 역사를 그렇죠. 역사와 문화를 존중해 준다는 뜻이 있잖아요. 그러니까 이분들한테 궁이 다섯 개라고 그러면 아니 궁이 왜 다섯 개냐고 그게 바로 이렇게 질문이 들어와요.""}, {""id"": 73, ""speaker"": 2, ""start_time"": 488.498, ""confidence"": 0.94, ""text"": ""이게 조선왕조 500년 동안에 역사 속에서 저 메모하면서 들으면 어떨까?""}, {""id"": 74, ""speaker"": 1, ""start_time"": 497.158, ""confidence"": 0.99, ""text"": ""아, 좋습니다. 네.""}, {""id"": 75, ""speaker"": 2, ""start_time"": 498.278, ""confidence"": 0.92, ""text"": ""교수님한테 볼펜을""}, {""id"": 76, ""speaker"": 1, ""start_time"": 502.208, ""confidence"": 0.96, ""text"": ""아니 자기 것도 아니고 교수님한테""}, {""id"": 77, ""speaker"": 2, ""start_time"": 507.108, ""confidence"": 0.98, ""text"": ""아 첫 번째. 처음에 맨 처음에 만든 게 경복궁이에요. 경복궁. 그리고 경복궁을 만들었는데""}, {""id"": 78, ""speaker"": 2, ""start_time"": 523.538, ""confidence"": 0.96, ""text"": ""태종 이방원이 그냥 형제 죽이고 다시 이제 경복궁으로 오게 됐는데 가기가 싫은 거야. 거기에 자기 형제들 피비린내 나는 데가. 그래서 창덕궁을 지으라고. 그래서 창덕궁을 지은 거예요.""}, {""id"": 79, ""speaker"": 1, ""start_time"": 531.568, ""confidence"": 0.99, ""text"": ""네 네.""}, {""id"": 80, ""speaker"": 1, ""start_time"": 542.188, ""confidence"": 0.99, ""text"": ""아, 그래서 창덕궁이 생긴 거예요?""}, {""id"": 81, ""speaker"": 2, ""start_time"": 545.078, ""confidence"": 0.97, ""text"": ""그래서 이제 신하들이 막 반대했죠. 아니, 궁 지은 지 10년 뿐이 안 돼서 그렇게 해놓고 그걸 갑니까 그랬더니 태종이 내가 경복궁을 버리겠다는 뜻이 아니다. 그거를 이궁이라고 그러는 별도의 궁, 별궁이죠. 별도의 궁을 만들어서 경복궁은 법궁으로 삼아서 의전은 다 거기서 하고 내가 생활하고 이 뭐 결제하고 하는 거는 창덕궁에서 한다.""}, {""id"": 82, ""speaker"": 1, ""start_time"": 572.768, ""confidence"": 0.97, ""text"": ""한마디로 내 마음이 편치 않으셨던 거네요.""}, {""id"": 83, ""speaker"": 2, ""start_time"": 574.658, ""confidence"": 0.98, ""text"": ""그렇지. 그래, 그래서 했어요.""}, {""id"": 84, ""speaker"": 2, ""start_time"": 584.278, ""confidence"": 0.96, ""text"": ""그랬는데 이제 또 왕들은 환갑도 못 해서 또 일찍 죽는데. 왕이 죽으면은 왕비는 살아 있단 말이야. 왕비만 살아 있는 게 아니라 할머니도 살아 있단 말이야. 이제 새 왕이 왔으면은 이건 자리를 물려 줘야 된다고요. 비워줘요. 그래서 이분들을 모신 게 창경궁이야.""}, {""id"": 85, ""speaker"": 1, ""start_time"": 590.878, ""confidence"": 0.98, ""text"": ""평균 조선 시대 왕이 한 40대 초반 그 정도 그렇죠.""}, {""id"": 86, ""speaker"": 1, ""start_time"": 604.958, ""confidence"": 0.99, ""text"": ""아 궁을 비워줘야 돼요.""}, {""id"": 87, ""speaker"": 1, ""start_time"": 609.128, ""confidence"": 0.99, ""text"": ""아""}, {""id"": 88, ""speaker"": 1, ""start_time"": 621.058, ""confidence"": 0.98, ""text"": ""그럼 이제 세 개 됐지. 이유까지 설명해 주시니까 딱딱 들어오는데요.""}, {""id"": 89, ""speaker"": 3, ""start_time"": 623.698, ""confidence"": 0.99, ""text"": ""야, 이건""}, {""id"": 90, ""speaker"": 2, ""start_time"": 625.018, ""confidence"": 0.97, ""text"": ""근데 임진왜란 일어나서 다 없어져 버렸어. 셋 다 다 없어져 버렸어. 예.""}, {""id"": 91, ""speaker"": 1, ""start_time"": 627.858, ""confidence"": 0.99, ""text"": ""소실이 됐죠.""}, {""id"": 92, ""speaker"": 2, ""start_time"": 631.698, ""confidence"": 0.97, ""text"": ""그래서 광해군이 이제 새로 궁궐을 짓는데 그러면은 경복궁부터 지어야 될 거 아니겠어요? 법궁이니까. 근데 안 짓고 창덕궁을 지었어요.""}, {""id"": 93, ""speaker"": 1, ""start_time"": 643.308, ""confidence"": 0.99, ""text"": ""아, 왜요? 왜요?""}, {""id"": 94, ""speaker"": 2, ""start_time"": 644.458, ""confidence"": 0.98, ""text"": ""궁궐 좋아하니까 요 다음에 가봐요. 경복궁을 가면은 광화문에서 근정전까지 쭉 문을 톡 해서 가면은 남북 일직선으로 쭉 들어가잖아요. 그 옆에 회랑이 둘러 있고 굉장히 사무적이라고. 공식적이고 무슨 뭐 의장대가 가야 될 것 같고 하지만 창덕궁은 들어가면은 오른쪽으로 금천교를 건너서 진선문 들어가면 왼쪽으로 해서 인정문 들어가고 또 오른쪽으로 가면은 대조전이 나오거든.""}, {""id"": 95, ""speaker"": 1, ""start_time"": 687.468, ""confidence"": 0.99, ""text"": ""네.""}, {""id"": 96, ""speaker"": 2, ""start_time"": 688.328, ""confidence"": 0.98, ""text"": ""이게 무슨 얘기냐 하면은 이게 길이 곧장 난 게 아니고 이렇게 꺾여서 들어가는 것이 인간적이란 말이야. 거기 경복궁은 살기가 싫은 거야.""}, {""id"": 97, ""speaker"": 1, ""start_time"": 696.918, ""confidence"": 0.98, ""text"": ""아, 뭔지 알 것 같아요.""}, {""id"": 98, ""speaker"": 1, ""start_time"": 700.918, ""confidence"": 0.98, ""text"": ""뭔가 뻥 뚫린 데서 예""}, {""id"": 99, ""speaker"": 2, ""start_time"": 714.198, ""confidence"": 0.98, ""text"": ""그러니까 새로 보건할 적에 경복궁이 아니라 창덕궁을 먼저""}, {""id"": 100, ""speaker"": 1, ""start_time"": 718.058, ""confidence"": 0.97, ""text"": ""왜냐면 내가 사는 곳은 뭔가 좀 주변의 시선이나 이런 걸로부터 그게 좀 갖춰주고 싶은 그 좀 심리가 좀 있잖아요.""}, {""id"": 101, ""speaker"": 2, ""start_time"": 725.138, ""confidence"": 0.97, ""text"": ""그리고 궁궐을 두 개로 놓는 체제, 이궁 체제를 하다 보니까 창덕궁에 대해서 이궁으로 경희궁을 지었어요.""}, {""id"": 102, ""speaker"": 1, ""start_time"": 733.068, ""confidence"": 0.98, ""text"": ""지금 경희궁, 경희궁이 있죠. 네.""}, {""id"": 103, ""speaker"": 2, ""start_time"": 744.908, ""confidence"": 0.97, ""text"": ""아관파천 들어봤죠? 아, 저 저 러시아 공사관으로 도망가는 거예요. 그래 그거로 간 다음에 고종황제가 옮긴 곳이 경운궁으로 옮겨요. 그게 본래는 경운궁인데 일본에 강탈을 당하고 고종황제가 이준 열사를 파견을 했잖아요. 헤이그 특사를 보낸 거를 계기로 해서 일본 놈들이 고종황제를 강제로 폐위시켜 버리고 순종 황제를 맞아. 그래서 순종 황제는 이제 창덕궁에 와서 근무하면서 고종 황제는 경운궁에 남아 있는 거예요. 그러면서 떠나면서 우리 아버님은 여기서 오랫동안 사시라고 이름을 지어준 게 덕수궁이야. 원래는 그게 경운궁이지.""}, {""id"": 104, ""speaker"": 1, ""start_time"": 752.898, ""confidence"": 0.98, ""text"": ""잠시 이제 예, 고종께서""}, {""id"": 105, ""speaker"": 1, ""start_time"": 762.258, ""confidence"": 0.99, ""text"": ""아 경운궁이요?""}, {""id"": 106, ""speaker"": 1, ""start_time"": 801.058, ""confidence"": 0.99, ""text"": ""아, 경운궁.""}, {""id"": 107, ""speaker"": 1, ""start_time"": 823.308, ""confidence"": 0.98, ""text"": ""주택난이 생기잖아요.""}, {""id"": 108, ""speaker"": 3, ""start_time"": 824.638, ""confidence"": 0.99, ""text"": ""그렇죠. 그렇죠.""}, {""id"": 109, ""speaker"": 2, ""start_time"": 826.008, ""confidence"": 0.97, ""text"": ""일본 사람들이 토지를 강탈을 하니까 이 빈민이 생기니까 이 도시로 와야 먹고 살잖아요. 그래서 도시로 막 이제 밀려들고 그 당시 이제 도성 안에서 10만 살다, 20만 살다가 이제 팽창을 하니까 이제 주택난이 나는데 이 거를 어디에다 할까 하다가 한양 도성 바깥에 공동묘지들이 있었어요. 여러 개가 있었을 거 아니에요. 그 중에 가장 대표적인 공동묘지가 미아리 공동묘지 또 마포에 있는 노고산 공동묘지 이 공동묘지들을 다 이장을 시켜야 되잖아요. 그 이장을 시킨 것이 망우리 공동묘지야.""}, {""id"": 110, ""speaker"": 1, ""start_time"": 864.258, ""confidence"": 0.99, ""text"": ""네 네 네 네 네.""}, {""id"": 111, ""speaker"": 1, ""start_time"": 873.148, ""confidence"": 0.99, ""text"": ""아""}, {""id"": 112, ""speaker"": 2, ""start_time"": 883.958, ""confidence"": 0.98, ""text"": ""역사 문화 인물이 지금 조사된 것만 40분이 거기 있어요. 대표적인으로 이중섭이라는 화가.""}, {""id"": 113, ""speaker"": 1, ""start_time"": 892.868, ""confidence"": 0.99, ""text"": ""어 이중섭 화가님 거기 계세요?""}, {""id"": 114, ""speaker"": 2, ""start_time"": 907.388, ""confidence"": 0.98, ""text"": ""그리고 목마와 숙녀의 박인환 시인 거기 있어요. 목마와 숙녀에서부터 시작해서 이중섭, 이인성, 권진규""}, {""id"": 115, ""speaker"": 1, ""start_time"": 910.048, ""confidence"": 0.99, ""text"": ""예 예 예 예.""}, {""id"": 116, ""speaker"": 2, ""start_time"": 932.048, ""confidence"": 0.97, ""text"": ""도산 안창호 선생도 거기 있었는데 도산공원 만든다고 일로 와서 비석은 그래도 거기 있어요. 아 뿐만 아니야. 소파 방정환 선생님""}, {""id"": 117, ""speaker"": 1, ""start_time"": 942.378, ""confidence"": 0.99, ""text"": ""거기 계세요?""}, {""id"": 118, ""speaker"": 2, ""start_time"": 942.998, ""confidence"": 0.99, ""text"": ""거기 계시지. 소파 방정환 선생님 무덤은 참 멋있어요. 그냥 매주 덩어리 같은 돌멩이 하나를 탁 해서 동심은 선녀와 같다라고 하는 글이 앞에 써 있어요.""}, {""id"": 119, ""speaker"": 2, ""start_time"": 975.228, ""confidence"": 0.96, ""text"": ""근데 그 뒤에 가면은 글씨 써 있는데 아 그걸 내가 해석을 못 해갖고 있었어. 이들 무덤이라고 써 있어. 이들 무덤. 이 이들 무덤 이들 무덤. 아무리 해석해도 한문으로 해석해도 안 되고""}, {""id"": 120, ""speaker"": 1, ""start_time"": 992.418, ""confidence"": 0.98, ""text"": ""동무들이?""}, {""id"": 121, ""speaker"": 2, ""start_time"": 993.118, ""confidence"": 0.98, ""text"": ""아, 맞았어. 동무들이야, 그게.""}, {""id"": 122, ""speaker"": 1, ""start_time"": 995.108, ""confidence"": 0.97, ""text"": ""야. 동무들이 세웠다 이거야.""}, {""id"": 123, ""speaker"": 2, ""start_time"": 998.298, ""confidence"": 0.97, ""text"": ""소파 방정환. 그러니까 그 당시에는 이 순서가 그렇게 돼 있으니까. 그러니까""}, {""id"": 124, ""speaker"": 1, ""start_time"": 1006.168, ""confidence"": 0.98, ""text"": ""아 좌에서 우가 아니니까. 아""}, {""id"": 125, ""speaker"": 3, ""start_time"": 1009.558, ""confidence"": 0.95, ""text"": ""이만한 재주가 있어 조셉이. 예 아 그럼요. 그럼요 그럼요.""}, {""id"": 126, ""speaker"": 1, ""start_time"": 1014.338, ""confidence"": 0.98, ""text"": ""남들이 보지 못하는 걸 또 보죠 조셉이. 사실 그곳에 지금 이중석 선생님이나 방정환 선생님이 거기 계신지 몰랐어요.""}, {""id"": 127, ""speaker"": 2, ""start_time"": 1022.268, ""confidence"": 0.97, ""text"": ""더 더 슬픈 얘기를 내가 할 수 뿐이 없는데 거기 유관순 누나의 혼이 거기에 있어요. 왜냐하면은 유관순 열사의 무덤이 공동묘지에 있었어요. 망우리로 옮기니까 이장 공고를 했을 거 아니에요. 그러면은 이제 기간 내에 안 온 사람은 다 무연고 무덤이야. 그 연고가 없는 무덤은 그냥 그대로 화장을 하는데 유관순 열사도 무연고였어요. 그러니까 어머니 아버지는 아우네 장터 만세 때 돌아가셨어. 그 유관순 누나는 서대문 형무소에 있다가 3년 맨 있다가 저 고문 후유증으로 죽었잖아요. 그래서 이화학당에서 시신을 모셔와 가지고 장례식을 하고 이태원 공동묘지에 모셨단 말이에요. 그래서 이분들을 합동묘라고 해서 요만한 재, 재들을 요만큼 해놓은 데에 무연고묘 합동묘라고 써 있는 그 속에 유관순 열사가 있는 거야.""}, {""id"": 128, ""speaker"": 1, ""start_time"": 1056.208, ""confidence"": 0.99, ""text"": ""아""}, {""id"": 129, ""speaker"": 1, ""start_time"": 1078.328, ""confidence"": 0.98, ""text"": ""너무 마음이 아파요.""}, {""id"": 130, ""speaker"": 2, ""start_time"": 1097.098, ""confidence"": 0.97, ""text"": ""지금 같으면 그러지 않았을 텐데 일제 강점기인데 누가 그거를 챙겼겠어요? 발자크도 있고 또 에디트 삐아프도 있고 그래서 사람들이 가요. 이거는 공동묘지가 아름다워서 가는 게 아니라 그 사람들이 있기 때문에 가잖아요. 이 망우리 공동묘지도 우리의 문화유산으로 들어올 수 있는 거지.""}, {""id"": 131, ""speaker"": 1, ""start_time"": 1128.788, ""confidence"": 0.98, ""text"": ""이게 진짜 말씀하신 대로 이제 서울에서 그 어 생각나는 그 문화 유산이라고 한다면 궁. 그것만 생각하는데 아니다 이거야.""}, {""id"": 132, ""speaker"": 3, ""start_time"": 1136.068, ""confidence"": 0.99, ""text"": ""아, 그러니까요.""}, {""id"": 133, ""speaker"": 2, ""start_time"": 1137.338, ""confidence"": 0.96, ""text"": ""오늘 오늘 내일이 피크일 것 같은데 거기 단풍이. 그러니까 마무리 마무리 공동묘지로 가자고.""}, {""id"": 134, ""speaker"": 1, ""start_time"": 1143.848, ""confidence"": 0.99, ""text"": ""아. 저 교수님 진짜""}, {""id"": 135, ""speaker"": 1, ""start_time"": 1148.148, ""confidence"": 0.99, ""text"": ""예. 아.""}, {""id"": 136, ""speaker"": 1, ""start_time"": 1154.408, ""confidence"": 0.98, ""text"": ""교수님의 요즘 그 관심사를 좀 끝으로 여쭤보고 싶은데 예.""}, {""id"": 137, ""speaker"": 2, ""start_time"": 1158.858, ""confidence"": 0.97, ""text"": ""우선 나의 문화유산 답사기가 지금 내년이 30주년이에요. 30년 동안 이어온 거에 또 내 저 말하기 싫지만은 내 또 생물학적 나이가 또 7학년이잖아. 그러니까 다음번에 어떻게 이 나의 문화유산 답사기를 아름답게 결말을 지을까 그거를 연구하는 거에 있어요. 아마 이 마지막 책의 맨 마지막 장면은 독도 답사기가 되지 않을까 싶습니다. 그때까지 기다려 주시기 바랍니다.""}, {""id"": 138, ""speaker"": 1, ""start_time"": 1191.718, ""confidence"": 0.99, ""text"": ""아.""}, {""id"": 139, ""speaker"": 3, ""start_time"": 1192.998, ""confidence"": 0.99, ""text"": ""아.""}]",gemini,161.87732672691345,2025-10-31 13:42:50,"회의 제목: 유퀴즈온더블럭 - 나의 문화 유산 답사기 저자 유홍준 교수님

### '나의 문화유산 답사기'의 성공과 유홍준 교수 소개
* 유홍준 교수는 '나의 문화유산 답사기'의 저자로, 우리나라 전 국토를 박물관으로 삼아 문화유산의 가치를 전파하고 있다. [cite: 0]
* 1993년 발간된 '나의 문화유산 답사기' 1권은 대한민국 인문도서 최초로 100만 부 판매를 돌파했으며, 현재까지 총 12권이 출간되어 누적 판매 부수 500만 부를 기록했다. [cite: 0, 1]
* 그는 책 판매로 얻은 인세를 문화유산에 의미 있게 사용하고자 제주 추사관에 유물 35점을 기증했다. [cite: 2]
* 또한 부여 문화원에 '유홍준 교수 기증 유물실'을 마련하는 등, 필요한 곳에 문화재를 직접 기증하는 방식으로 사회에 환원하고 있다. [cite: 3]

### 부채를 활용한 독특한 집필 방식
* 유홍준 교수는 집필 구상을 할 때 부채에 메모하는 습관이 있다. [cite: 3]
* 그는 5,000원짜리 부채에 내용을 메모하고 수정하며 글의 뼈대를 잡으며, 흔들리는 상황에서도 필기하기 용이해 부채를 선호한다고 밝혔다. [cite: 4]
* 메모로 사용한 부채의 뒷면에는 직접 그림을 그려 넣어 하나의 작품으로 만들기도 한다. [cite: 4]

### '국토 전체가 박물관'이라는 집필 철학
* '나의 문화유산 답사기'의 첫 답사지로 전남 강진과 해남을 선택한 이유는, 문화유산이 경주, 공주, 부여 같은 유명한 곳에만 한정된 것이 아니라는 점을 보여주기 위함이었다. [cite: 5]
* 국토의 땅끝에도 선현들의 의미 있는 자취와 아름다움이 존재하며, 특히 다산 정약용이 18년간 유배 생활을 하며 '목민심서'를 집필한 곳이 강진이라는 점을 강조했다. [cite: 5, 6]
* 최근에는 서울 답사기를 집필하며 인사동, 북촌, 서촌 등 자신이 살아온 동네의 역사와 변화를 담아내며 우리 주변의 모든 곳이 문화유산이 될 수 있음을 보여주었다. [cite: 7]

### 서울 5대 궁궐의 역사와 건립 배경
* 서울은 경복궁, 창덕궁, 창경궁, 덕수궁, 경희궁 등 한 도시에 5개의 궁궐이 있는 세계적으로 드문 도시다. [cite: 8]
* 최초의 궁궐은 법궁인 경복궁이었으나, 왕자의 난 이후 왕위에 오른 태종 이방원은 형제들을 죽인 곳에 머물기 꺼려 별도의 궁(이궁)으로 창덕궁을 건립했다. [cite: 9]
* 창경궁은 왕이 승하한 후 남겨진 대비나 왕비 등 왕실의 여성 어른들을 모시기 위해 지어졌다. [cite: 10]
* 임진왜란으로 모든 궁궐이 소실된 후 광해군은 경복궁 대신 창덕궁을 먼저 재건했는데, 이는 남북 일직선의 엄격한 구조를 가진 경복궁보다 구불구불한 길을 따라 건물이 배치된 창덕궁이 더 인간적이라고 느꼈기 때문이다. [cite: 11, 12]
* 이후 창덕궁의 이궁으로 경희궁이 추가로 지어졌고, 아관파천 이후 고종이 머물던 경운궁은 일제에 의해 강제 퇴위당한 고종의 장수를 기원한다는 명목으로 덕수궁으로 이름이 바뀌었다. [cite: 12, 13]

### 망우리 공동묘지의 문화유산적 가치와 잠든 인물들
* 일제강점기 도시 주택난 해결을 위해 미아리, 노고산 등 서울 도성 밖 공동묘지들을 이장하여 망우리 공동묘지를 조성했다. [cite: 14]
* 이곳에는 이중섭 화가, 박인환 시인, 소파 방정환 선생 등 40여 명의 역사·문화적 인물들이 잠들어 있다. [cite: 14, 15]
* 방정환 선생의 묘비에는 '이들 무덤'이라는 글이 새겨져 있는데, 이는 '동무들이 세운 무덤'이라는 의미를 담고 있다. [cite: 15, 16]
* 유관순 열사 또한 이곳에 묻혔으나, 일제강점기 당시 유족이 시신을 수습하지 못해 무연고 처리되어 현재는 합동묘에 혼으로만 남아있다. [cite: 16, 17]
* 망우리 공동묘지는 그곳에 잠든 인물들로 인해 공동묘지를 넘어 중요한 문화유산으로서의 가치를 지닌다. [cite: 17, 18]

### '나의 문화유산 답사기' 시리즈의 향후 계획
* '나의 문화유산 답사기' 시리즈는 내년에 30주년을 맞이하며, 유홍준 교수는 시리즈를 아름답게 마무리하는 방안을 구상 중이다. [cite: 18]
* 시리즈의 마지막은 독도 답사기가 될 가능성이 높다고 언급하며 향후 계획을 밝혔다. [cite: 19]"
