youtube_url,video_id,title,mp4_path,mp3_path,segments_json,stt_service,created_at,channel,view_count,upload_date,summary,stt_processing_time
https://www.youtube.com/watch?v=8kl6ViaM_E4,8kl6ViaM_E4,AI 시대 만난 솔라시도 20년 만에 빛을 보나 / KBC뉴스,mp4\AI 시대 만난 솔라시도 20년 만에 빛을 보나 ⧸ KBC뉴스-8kl6ViaM_E4.mp4,mp3\AI 시대 만난 솔라시도 20년 만에 빛을 보나 ⧸ KBC뉴스-8kl6ViaM_E4.mp3,"[{""id"": 0, ""speaker"": 1, ""start_time"": 0.27, ""confidence"": 0.98, ""text"": ""국가 AI 컴퓨팅 센터가 해남 솔라시도를 입지로 내세운 전남에 들어설 전망입니다. 단독으로 공모한 삼성 SDS 컨소시엄이 전남을 후보지로 선정하면서 솔라시도가 세간의 주목을 받고 있습니다. 주목받은 솔라시도를 고익수 기자가 보도합니다.""}, {""id"": 1, ""speaker"": 1, ""start_time"": 19.163, ""confidence"": 0.97, ""text"": ""2005년 해남과 영암일 때 관광 레저형 기업 도시로 지정된 솔라시도. 전체 면적이 33.8제곱킬로미터로 천만 평이 넘는 땅에 지금은 태양광 발전소와 골프장, 산이 정원이 들어서 있습니다. 여기에 아리백 산단과 탄소 중립 에듀센터, 데이터센터 부지가 미래 신산업 유치를 위한 기반으로 갖춰져 있습니다. 이렇게 닦아 놓은 기반 가운데 데이터센터 부지가 마침내 주인을 만났습니다. 국가 AI 컴퓨팅 센터의 단독 공모한 삼성 SDS 컨소시엄이 솔라시도를 입지로 내세운 전남을 파트너로 선정한 것입니다.""}, {""id"": 2, ""speaker"": 1, ""start_time"": 60.783, ""confidence"": 0.98, ""text"": ""이번 선정은 삼성 SDS가 순수하게 기업의 미래를 고려한 결정으로 알려지고 있습니다.""}, {""id"": 3, ""speaker"": 2, ""start_time"": 68.082, ""confidence"": 0.93, ""text"": ""뭐 아마존 AWS 있을 수도 있고 엔비디아 있을 수도 있고. 이런 회사들이 짓는 데이터 센터들을 보면 솔라시도처럼 넓은 부지에 확장성 있게 짓는 전략으로 가요. 그리고 수백 메가와트 전기를 정말 받아 줄 수 있는지, 용수는 충분한지.""}, {""id"": 4, ""speaker"": 1, ""start_time"": 88.13, ""confidence"": 0.97, ""text"": ""여기에 무엇보다 솔라시도의 저렴한 전기료와 적정 부지, 대규모 변전소 구축 가능성이 강점으로 작용한 것으로 보입니다.""}, {""id"": 5, ""speaker"": 3, ""start_time"": 97.575, ""confidence"": 0.95, ""text"": ""즉시 착공 가능한 부지가 약 100만 평이 이미 준비되어 있습니다. 그래서 풍부한 재생 에너지를 가지고 있습니다. 용수는 어 데이터 센터 운영하는데 약 하루에 15,000톤이 필요한데 저희 전라남도는 즉시 공급이 가능하고""}, {""id"": 6, ""speaker"": 1, ""start_time"": 111.245, ""confidence"": 0.98, ""text"": ""솔라시도는 또 냉각수가 풍부하고 재생에너지 활용이 가능해 전남으로 확정된 오픈 AI와 SK의 전용 AI 데이터센터 입주로도 유리하게 점쳐지고 있습니다. 게다가 2027년 착공 예정인 광주 영암 초고속도로와 내년에 개통될 광주안도 고속도로 등 도로망 확충도 솔라시도 입지에 힘을 실어주고 있습니다.""}, {""id"": 7, ""speaker"": 1, ""start_time"": 137.152, ""confidence"": 0.98, ""text"": ""J프로젝트란 이름으로 출발해 아리백 기반 에너지 자립 도시로 조성 중인 솔라시도. 20년 가까운 세월이 지나 AI 시대를 맞으면서 준비된 서남해안의 선벨트로 주목을 받기 시작했습니다. KBC 고익수입니다.""}]",gemini,2025-10-24 13:12:05,Unknown,0.0,,"## 국가 AI 컴퓨팅 센터 입지 선정 관련 회의록 요약

삼성 SDS 컨소시엄이 국가 AI 컴퓨팅 센터 부지로 전남 해남 '솔라시도'를 선정한 것과 그 배경에 대한 내용입니다.

### 1. 주요 논의 주제
*   **국가 AI 컴퓨팅 센터 입지 선정**: 삼성 SDS 컨소시엄이 전남 '솔라시도'를 사업 부지로 선정한 배경.
*   **솔라시도의 경쟁력**: 데이터센터 입지로서 솔라시도가 가진 강점(부지, 전력, 용수, 재생에너지 등) 분석.
*   **미래 발전 가능성**: 솔라시도의 향후 인프라 확충 계획과 추가 데이터센터 유치 가능성.

### 2. 주요 결정 사항
*   국가 AI 컴퓨팅 센터 공모에 단독으로 참여한 **삼성 SDS 컨소시엄이 사업 부지로 전남 '솔라시도'를 최종 선정**함.

### 3. 액션 아이템
*   해당 내용은 정보 전달 회의로, 특정인에게 할당된 별도의 액션 아이템은 언급되지 않았습니다.

### 4. 중요한 발언이나 의견
*   **삼성 SDS의 결정 배경**: 이번 선정은 정부의 영향이 아닌, 순수하게 **기업의 미래와 사업성을 고려한 결정**으로 분석되었습니다.
*   **전문가 의견 (화자 2)**: 아마존, 엔비디아 등 글로벌 기업들도 데이터센터 구축 시 솔라시도처럼 ①넓은 부지와 확장성, ②대규모 전력 및 ③용수 공급 가능성을 핵심 전략으로 삼습니다.
*   **전라남도 측의 준비 상태 (화자 3)**:
    *   즉시 착공 가능한 부지 약 **100만 평**이 이미 준비되어 있습니다.
    *   풍부한 **재생에너지**를 보유하고 있습니다.
    *   데이터센터 운영에 필요한 **용수(일 15,000톤)를 즉시 공급**할 수 있습니다.
*   **기타 강점**: 저렴한 전기료, 풍부한 냉각수, 광주-영암 초고속도로 등 교통망 확충 계획이 입지 선정에 긍정적 요인으로 작용했습니다.",0.0
https://www.youtube.com/watch?v=4iulF9EN-V8,4iulF9EN-V8,"삼성전, D램값 ‘3배 폭등’에도 완판 “평택공장 조기 풀가동”","mp4\삼성전, D램값 ‘3배 폭등’에도 완판 “평택공장 조기 풀가동”-4iulF9EN-V8.mp4","mp3\삼성전, D램값 ‘3배 폭등’에도 완판 “평택공장 조기 풀가동”-4iulF9EN-V8.mp3","[{""id"": 0, ""speaker"": 1, ""start_time"": 0.104, ""confidence"": 0.98, ""text"": ""시장이 트렌드가 어디로 향하고 있는지 맥을 짚어보겠습니다. 머니 트렌드 시간입니다. 김고운 앵커와 함께 하겠습니다. 어서 오십시오.""}, {""id"": 1, ""speaker"": 2, ""start_time"": 7.234, ""confidence"": 0.99, ""text"": ""안녕하세요.""}, {""id"": 2, ""speaker"": 1, ""start_time"": 8.214, ""confidence"": 0.97, ""text"": ""네, 시장에서는 어떤 뉴스에 주목하고 있는지 헤드라인 통해서 만나 보겠습니다. 네, 세 가지 통해서 만나보겠습니다. 먼저 첫 번째로는 지금 삼성전자와 SK하이닉스에 지금 예약 구매가 빗발치고 있다라는 소식 자세하게 짚어보도록 하겠고요. 어제 삼성 중공업의 실적이 나왔죠. 관련해서도 짚어보겠습니다. 마지막으로 리플 소식까지 자세하게 소식 전해 드리겠습니다.""}, {""id"": 3, ""speaker"": 1, ""start_time"": 33.884, ""confidence"": 0.98, ""text"": ""그럼 첫 번째 키워드입니다. 네, 요즘 AI 서버가 빠르게 늘면서 반도체 메모리 수요가 폭발적으로 늘어나고 있는 상황입니다. 글로벌 기업들이 삼성전자와 SK하이닉스에 최대 이제 2, 3년치의 물량을 지금 빠르게 늘려달라라는 이야기까지 함께 나오고 있다고 하는데요. 이제 사재기까지 나서고 있는 분위기라고 합니다. 반도체 시장의 분위기가 얼마나 뜨거운지 그 상황들 먼저 짚어보도록 하겠습니다.""}, {""id"": 4, ""speaker"": 2, ""start_time"": 61.847, ""confidence"": 0.98, ""text"": ""네, 지금 시장 분위기는 AI 특수가 정말 절정에 달한 상황입니다. 일단 오픈 AI나 구글 재미나이 같은 생성형 AI 서비스가 급속히 늘면서 데이터를 처리할 메모리 수요가 폭발하고 있습니다. AI 서버를 돌리려면 HBM뿐만 아니라 일반 디램도 대량으로 필요한데요. 그래서 최근에는 미국과 중국의 주요 IT 기업들이 삼성과 하이닉스에 2, 3년짜리 장기 계약을 요청하고 있습니다. 보통은 분기별로 계약하던 걸 감안하면 이례적으로 긴 기간입니다.""}, {""id"": 5, ""speaker"": 2, ""start_time"": 95.867, ""confidence"": 0.98, ""text"": ""업계에서는 이런 현상을 디램 사재기라고 부르고 있습니다. 그런데 문제는 공급이 따라가지 못한다는 건데요. 두 회사 모두 HBM 생산에 집중을 하면서 범용 디램 생산이 줄고 있기 때문입니다. 결국 수요는 폭증하고 공급은 부족하다 보니 가격이 급등할 수밖에 없습니다. 실제로 디램 현물 가격은 6개월 만에 265%나 올랐습니다.""}, {""id"": 6, ""speaker"": 2, ""start_time"": 115.287, ""confidence"": 0.97, ""text"": ""DDR4 8기가비트 기준으로는 7달러를 넘었는데요. 이건 2018년 메모리 슈퍼 사이클 이후 7년 만의 일입니다. 이런 상황에서 글로벌 투자 은행들도 AI가 이끄는 10년 만의 메모리 호황이 시작됐다라고 분석을 하고 있습니다. 삼성과 하이닉스 모두 올 4분기 실적이 크게 개선될 거라는 전망들도 잇따르고 있습니다.""}, {""id"": 7, ""speaker"": 1, ""start_time"": 144.108, ""confidence"": 0.98, ""text"": ""네, 이렇게 디램에 대해서 메모리 수요가 폭발적으로 지금 증가하고 있는 상황입니다. 여기에 더해져서 삼성전자가 차세대 원씨 디램 양산에 들어간다라는 소식이 함께 나왔는데요. 이게 바로 HBM4에 대해서 지금 기반을 마련하는 것이 아니냐라는 이야기도 함께 나오고 있습니다. 어떤 개발인지 어떤 의미를 가지고 있는지 이 점도 짚어보겠습니다.""}, {""id"": 8, ""speaker"": 2, ""start_time"": 166.277, ""confidence"": 0.98, ""text"": ""네, 일단 삼성은 최근 6세대 디램 이른바 원씨 디램의 수율이 70%를 넘었다고 밝혔습니다. 수율이 80%를 넘기면 양산이 가능하다고 보는데요. 지금 이 거의 그 문턱까지 오게 된 겁니다.""}, {""id"": 9, ""speaker"": 2, ""start_time"": 181.217, ""confidence"": 0.98, ""text"": ""이 원씨 디램은 회로폭이 11에서 12나노미터 수준의 초미세 공정 제품입니다. 쉽게 말하면 기존 디램보다는 훨씬 촘촘하고 빠른 구조로 설계가 된 거고요. 무엇보다 HBM4에 들어가는 핵심 칩이기도 합니다. 그래서 원씨 디램이 안정적으로 생산이 돼야 HBM4의 성능과 품질도 함께 올라가게 됩니다.""}, {""id"": 10, ""speaker"": 2, ""start_time"": 203.447, ""confidence"": 0.98, ""text"": ""그동안 삼성은 HBM3 시장에서는 하이닉스에 밀리긴 했지만 그래도 이번에는 완전히 새로 설계한 구조로 기술 경쟁력 회복에 나서게 된 거고요. 전영현 부회장이 직접 지휘를 하면서 단기 실적보다는 기술의 근본을 보건하겠다는 방침 안에 라인을 재정비하고 공정을 전면 개선했습니다.""}, {""id"": 11, ""speaker"": 2, ""start_time"": 224.697, ""confidence"": 0.98, ""text"": ""그 결과 원씨 디램이 안정화되면서 지금 HBM4 시제품의 수율도 약 50% 수준까지 올라온 것으로 전해지고 있습니다. 삼성은 현재 평택 4공장에서 원씨 디램 생산 설비를 거의 다 갖춘 상태고요. 이르면 다음 달 엔비디아의 퀄 테스트만 통과하면 바로 양산에 들어갈 전망입니다. 업계에서는 이번에 성공하면 삼성이 HBM4 시장에서 기술과 생산성 두 마리 토끼를 모두 잡을 수 있을 것이라고 보고 있습니다.""}, {""id"": 12, ""speaker"": 1, ""start_time"": 254.73, ""confidence"": 0.98, ""text"": ""네, 이렇게 HBM4에 대해서 계속해서 지금 기대감이 굉장히 많은 상황으로 볼 수 있겠습니다. 이 경쟁의 승부처가 바로 원씨 디램이 되겠다라는 점까지 함께 참고해 보시면 좋겠는데요. 최근에는 삼성전자와 SK하이닉스가 나란히 HBM4에 대한 실물 모델을 공개하기도 했죠. 이제 정말 내년부터는 이렇게 AI 메모리 전쟁이 본격화될 수 있을 것이다라는 점이 확인이 된 것으로 보입니다. 이와 관련해서도 자세하게 이야기 나눠 보겠습니다.""}, {""id"": 13, ""speaker"": 2, ""start_time"": 284.288, ""confidence"": 0.98, ""text"": ""네, 일단 이번 주 서울 코엑스에서 열린 세덱스 2025 반도체 대전이 바로 그 신호탄이었습니다. 삼성과 하이닉스가 나란히 차세대 HBM4 실물 제품을 공개했는데요. AI 서버 속도를 좌우하는 핵심 부품답게 관람객들의 관심이 굉장히 뜨거웠습니다.""}, {""id"": 14, ""speaker"": 2, ""start_time"": 302.838, ""confidence"": 0.98, ""text"": ""현재 시장은 SK 하이닉스가 약 70% 점유율로 HBM3를 주도하고 있습니다. 하지만 삼성이 이번에 HBM4에 새로운 원씨 디램 공정을 업계 최초로 적용하면서 반격에 나섰고요. 그 결과 전력 효율은 40% 개선했습니다. 그리고 속도는 11GBps로 업계 최고 수준까지 끌어올렸습니다.""}, {""id"": 15, ""speaker"": 2, ""start_time"": 326.478, ""confidence"": 0.98, ""text"": ""그러니까 한마디로 성능과 효율을 모두 잡은 완성형 제품인 셈인데요. 두 회사 모두 이미 엔비디아의 샘플을 전달한 상태고요. 엔비디아는 내년 하반기 출시할 AI 가속기 루빈이라는 차세대 칩에 HBM4를 탑재할 예정입니다.""}, {""id"": 16, ""speaker"": 2, ""start_time"": 343.048, ""confidence"": 0.98, ""text"": ""결국에는 어느 회사 제품을 선택하느냐에 따라서 내년 HBM 시장의 판도가 결정될 예정이고요. 업계에서는 지금 삼성이 수율과 효율을 빠르게 회복하고 있어서 이번 HBM4부터는 삼성이 다시 한번 주도권을 가져올 수 있다는 전망들도 나오고 있습니다. 특히나 이번 원씨 디램 양산이 삼성의 기술력 회복과 또 HBM4 반격의 결정적인 발판이 될 거라는 기대가 큽니다.""}, {""id"": 17, ""speaker"": 1, ""start_time"": 369.684, ""confidence"": 0.98, ""text"": ""네, 결국에는 AI가 불러온 이 메모리 반도체 시대에서 지금 다음 세대가 아무래도 HBM4다라는 점 짚어 보시면 좋을 것 같습니다. HBM4 관련해서도 시장 점유율이 어떻게 달라질 수 있을지가 최대 관건으로 보이는데요. 삼성전자가 기술력으로 다시 주도권을 뺏어올 수 있을지 주목해 보시면 좋겠고요. 어, 지금 10년 만에 돌아온 반도체 슈퍼 사이클이다라는 이야기와 함께 주가 상승 랠리가 또 펼쳐지고 있죠. 이런 주가 흐름까지도 계속 체크해 보시면 좋겠습니다.""}, {""id"": 18, ""speaker"": 1, ""start_time"": 401.314, ""confidence"": 0.97, ""text"": ""그럼 이어서 다음 키워드로 넘어가 보겠습니다. 네, 삼성 중공업 실적이 나왔습니다. 3분기 사상 최대 영업 이익을 냈는데요. 저가 선박 대신에 고부가 해양 플랜트 중심으로 매출 구조가 바뀌었다라고도 볼 수 있겠습니다. 지금 실적 어느 정도인지 이 점 먼저 따져 보겠습니다.""}, {""id"": 19, ""speaker"": 2, ""start_time"": 421.214, ""confidence"": 0.98, ""text"": ""네, 이번에 삼성 중공업이 그야말로 깜짝 실적을 냈습니다. 일단 3분기 매출이 2조 6,300억 원, 영업 이익은 2,381억 원으로 집계가 됐는데요. 매출은 작년보다 13%, 그리고 영업 이익은 무려 99%, 거의 두 배나 뛰었습니다.""}, {""id"": 20, ""speaker"": 2, ""start_time"": 439.624, ""confidence"": 0.98, ""text"": ""영업 이익률로 살펴보면 약 9% 수준입니다. 조선업 평균을 훌쩍 웃도는 수치고요. 핵심은 바로 제품 믹스 변화, 즉 어떤 배를 주로 만들고 파느냐의 차이였습니다. 예전에는 저가 컨테이너선 중심이었다면 지금은 LNG 운반선, 셔틀 탱커, 해양 플랜트 같은 이런 고수익 선종 비중이 커졌습니다.""}, {""id"": 21, ""speaker"": 2, ""start_time"": 462.934, ""confidence"": 0.98, ""text"": ""쉽게 말해서 이제는 많이 파는 회사가 아니라 잘 남기는 회사로 체질을 바뀌게 된 거고요. 올해 누적으로 살펴보면 매출이 7조 8,000억 원, 그리고 영업 이익은 5,660억 원을 넘어섰습니다. 회사 측은 4분기에도 이런 흐름이 이어진다면 연간 매출이 연초 목표였던 10조 5,000억 원을 넘길 가능성이 크다고 밝히기도 했습니다. 결국 이번 3분기는 단가 경쟁에서 벗어나서 수익성 중심으로 완전히 체질이 바뀐 분기고요. 삼성 중공업의 변화를 보여준 시기라고 볼 수 있겠습니다.""}]",gemini,2025-10-24 13:45:11,서울경제TV,6586.0,2025-10-24,"## 회의록 요약

### 1. 주요 논의 주제
*   **AI 발전으로 인한 메모리 반도체 시장의 폭발적 수요 증가 현황**
    *   DRAM(디램) 수요 폭증 및 '사재기' 현상
    *   차세대 메모리 HBM4 시장 주도권을 둘러싼 삼성전자와 SK하이닉스의 기술 경쟁
*   **삼성중공업의 3분기 사상 최대 실적 달성**
    *   고부가가치 선박 중심으로 사업 구조를 재편하여 수익성을 대폭 개선

---

### 2. 주요 결정 사항 (기업 동향)
*   **삼성전자:** HBM3 시장에서의 부진을 만회하기 위해, 차세대 '원씨(1c) 디램' 공정을 HBM4에 업계 최초로 적용하여 기술력과 생산성 회복에 집중.
*   **삼성중공업:** 저가 컨테이너선 중심에서 LNG 운반선, 해양 플랜트 등 고수익 선종 중심으로 제품 믹스(Product Mix)를 변경하여 수익성 중심의 경영 체질로 전환.

---

### 3. 액션 아이템 (향후 계획)
*   **삼성전자:** 이르면 다음 달, 엔비디아의 퀄 테스트(품질 검증) 통과 후 '원씨(1c) 디램' 양산에 즉시 돌입할 예정.
*   **삼성전자 & SK하이닉스:** 내년 하반기 출시될 엔비디아의 차세대 AI 칩 '루빈'에 탑재될 HBM4 공급 계약을 따내기 위한 경쟁을 본격화.
*   **삼성중공업:** 4분기에도 고수익 선박 건조를 지속하여 연간 매출 목표(10조 5,000억 원) 초과 달성 추진.

---

### 4. 중요한 발언이나 의견
*   **시장 분석:** 글로벌 투자은행들은 ""AI가 이끄는 10년 만의 메모리 호황이 시작됐다""고 평가.
*   **HBM4 경쟁:** 삼성전자가 '원씨 디램' 양산에 성공할 경우, HBM4 시장에서 기술과 생산성 우위를 점하며 다시 주도권을 가져올 수 있다는 기대가 큼.
*   **경쟁의 관건:** 내년 HBM 시장의 판도는 삼성과 하이닉스 중 어느 회사의 HBM4 제품을 엔비디아가 선택하느냐에 따라 결정될 전망.
*   **삼성중공업 평가:** 이번 3분기 실적은 회사가 '많이 파는 회사'에서 '잘 남기는 회사'로 체질 개선에 성공했음을 보여주는 중요한 지표임.",0.0
https://www.youtube.com/watch?v=zKX7V4ei1sk,zKX7V4ei1sk,이렇게 쌀 줄 몰랐지... 갤럭시 XR 진짜 좋네요;; / 오목교 전자상가,mp4\이렇게 쌀 줄 몰랐지... 갤럭시 XR 진짜 좋네요;; ⧸ 오목교 전자상가-zKX7V4ei1sk.mp4,mp3\이렇게 쌀 줄 몰랐지... 갤럭시 XR 진짜 좋네요;; ⧸ 오목교 전자상가-zKX7V4ei1sk.mp3,"[{""id"": 0, ""speaker"": 1, ""start_time"": 2.8, ""confidence"": 0.98, ""text"": ""안녕하세요. 비트입니다. 오늘은 갤럭시 XR 제품이 발표됐죠. 그래서 일단 제품을 한번 열어 보면 오. 요렇게 생겼습니다.""}, {""id"": 1, ""speaker"": 1, ""start_time"": 13.2, ""confidence"": 0.98, ""text"": ""보면은 지금 전면에는 이렇게 보고 계신 것처럼 커버가 고무 재질의 커버가 이렇게 달려 있고요. 안에는 이렇게 스웨이드 형태로 처리가 되어 있는 거를 확인할 수 있습니다. 이것도 되게 신기한데, 보면 이렇게 받침대 형태로 뭔가를 주죠. 디전 프로 같은 경우도 보면은 이렇게 받침대 형태를 주는 경향이 있거든요.""}, {""id"": 2, ""speaker"": 1, ""start_time"": 37.3, ""confidence"": 0.98, ""text"": ""제품 자체가 거의 처음 나오는 군이다 보니까 책상에 어떻게 보관할 데가 없잖아요. 그래서 이렇게 지금 받침대를 하나씩 주는 듯한 구성을 보여주고 있더라고요. 자, 이제 한번 열어 보면 어. 그렇죠. 외장형 배터리가 있고요.""}, {""id"": 3, ""speaker"": 1, ""start_time"": 53.5, ""confidence"": 0.98, ""text"": ""이렇게 천이 하나 있는 걸 확인할 수 있습니다. 넘어가서 어. 그래 여기 있네. 지금 보이시는 이게 여기 이 전용 배터리에 들어가는 전용 케이블이에요. 이 둥근 쪽은 본체랑 연결되는 부분이고 반대쪽에 이 두꺼운 C타입 부분은 여기에 체결되는 형태겠죠?""}, {""id"": 4, ""speaker"": 1, ""start_time"": 75.6, ""confidence"": 0.98, ""text"": ""그래서 꽂히나 한번 확인해 보면 어. 그냥 되게 단순하게 뭐 딸깍 그런 것도 없이 꽂히고요. 냅두고 여기 보이는 이거는 45W 충전기고 야, 진짜 오랜만에 충전기가 들어갔네. 그리고 얘 같은 경우에는 되게 긴 길다란 보통은 1m짜리 넣어 주는데 한 2m는 되어 보이는 되게 긴 케이블을 보여주고 있습니다.""}, {""id"": 5, ""speaker"": 1, ""start_time"": 97.9, ""confidence"": 0.98, ""text"": ""그리고 다음 걸로 넘어가서 액세서리로 보게 되면 이마 쿠션 쪽에다가 붙이는 일종의 액세서리인 거 같아요. 그리고 여기 보이시는 이거는 아래쪽에 보이는 이 빛을 차단하는 마그넷 장치인 거 같은데 자석이 있어 갖고 이렇게 붙일 수 있는 형태로 구성이 되어 있는 것 같습니다.""}, {""id"": 6, ""speaker"": 1, ""start_time"": 116.5, ""confidence"": 0.98, ""text"": ""자, 이제 본격적으로 이 갤럭시 XR을 착용해서 체험을 해 볼 텐데요. 특히 이 갤럭시 XR을 만든 삼성 퀄컴 구글의 영원한 숙적 애플 비전 프로와 함께 비교를 한다면 더 자극적인 영상이 될 수 있겠죠?""}, {""id"": 7, ""speaker"": 1, ""start_time"": 134.4, ""confidence"": 0.98, ""text"": ""자, 이제 외부 모습을 잠깐 들여다 보면은 전반적인 모습은요, 비전 프로와 혹은 퀘스트 프로와 상당히 비슷한 모습을 보여주고 있습니다. 전면부 같은 경우에는 이마 쿠션 부분에 앞서 보여드린 액세서리로 이렇게 두상에 맞춰 갖고 두께를 보정할 수 있는 장치가 포함이 돼 있고요. 측면부 같은 경우에는 단단한 플라스틱 재질에 충전 배터리와 연결되는 지점이 있고 반대편으로 돌려 보면은 터치패드가 있어서 이렇게 두 번 탁탁 치면 패스스루나 몰입형 환경이 변환한 기능이 내장돼 있습니다.""}, {""id"": 8, ""speaker"": 1, ""start_time"": 164.6, ""confidence"": 0.98, ""text"": ""후면부 같은 경우에는 후면 쿠션이랑 다이얼 같은 게 달려 있어서 퀘스트 프로를 참고한 듯한 모습을 보여주고 있죠. 비전 프로 같은 경우에는 M2 비전 프로 기준으로 솔로니트가 장착되어 있고 이렇게 안쪽에 보이는 걸로 떼었다가 붙였다가 할 수 있다는 점에서는 장점이라고 생각이 됐고 후면까지 고정된 형태의 갤럭시 XR의 경우에는 이 후면부에 대한 액세서리 확장성이 낮다고 평가할 수 있겠지만 마네킹에 이거를 착용을 시켜 보면 이 기기는 이마와 뒤통수 쪽으로 무게가 분산되는 구조인 걸 알 수 있는데요.""}, {""id"": 9, ""speaker"": 1, ""start_time"": 201.0, ""confidence"": 0.98, ""text"": ""확실히 광대 쪽이 짓눌리는 비전 프로 솔로니트 형태보다는 훨씬 개선된 무게감을 보여줍니다. 아, 그리고 하단의 빛샘을 막아주는 가리개 역시 자석 형태라 탈부착이 가능하다는 점 역시 간단해서 좋았습니다. 애플 비전 프로는 이 부분이 되게 성의 없이 이렇게 검은 천으로 되어 있거든요. 그래서 잘못 만지거나 하면 빛이 이 사이로 팍 들어오는 경향이 있던데 그거에 비하면 훨씬 나은 형태라는 생각이 들고 그리고 퀘스트 3 같은 경우에도 이 코 부분 높이 디자인이 서양인에 맞춰졌는지 기본 제품을 쓰면 아래 빛샘이 심해서 이렇게 흑어환기처럼 서드 파티 제품을 써야 했는데 이 갤럭시 XR 같은 경우에는 보이시는 것처럼 탈부착도 아주 간편한 데다 저의 낮은 코로 들어오는 빛도 잘 막아준다.""}, {""id"": 10, ""speaker"": 1, ""start_time"": 245.4, ""confidence"": 0.98, ""text"": ""그런 점에서 높은 평가를 할 수 있겠더라고요. 이제 전면부 보면은 고해상도 패스스루 카메라가 두 개가 있고 핸드 트래킹을 위한 카메라가 하나, 둘, 셋, 네 개의 아래쪽까지 해서 이렇게 총 여섯 개가 있고 주변 환경을 파악하기 위한 심도 센서가 가운데에 있습니다. 이제 넘어가서 상단 쪽을 보게 되면은 여기는 금속제 알루미늄으로 비전 프로와 굉장히 흡사하게 생겼습니다.""}, {""id"": 11, ""speaker"": 1, ""start_time"": 268.0, ""confidence"": 0.98, ""text"": ""여기 위쪽에 있는 구멍은 발열 해소를 위한 구멍이고요. 여기 보이는 버튼은 상단 버튼이고 반대편에는 볼륨 버튼이 있는데요. 비전 프로와 달리 얜 소리가 안 나지만 얘는 이렇게 딸깍딸깍 소리가 나는 걸 확인할 수 있죠. 양쪽에 보이는 거는 스피커 있고 여기 보는 이거는 이렇게 하면 개발자용 C타입 포트가 보입니다.""}, {""id"": 12, ""speaker"": 1, ""start_time"": 289.5, ""confidence"": 0.98, ""text"": ""이걸로 뭐 테스트를 하거나 컴퓨터에 직접적으로 연결할 수 있는 용도로서 이 포트가 자리 잡고 있는 거 같습니다. 아래쪽에 뒤집어 보면은 여기 양쪽에 이렇게 스피커가 보이는데 여기 보이는 비전 프로와 비교를 해 보면은 약간 확실히 크기는 좀 작은 걸 확인할 수 있죠. 자, 이제 디스플레이를 그래 보면은 4K 마이크로 OLED 디스플레이가 장착되어 있고 기본 주사율은 71Hz이지만 앱마다 60에서 90Hz까지 주사율 지원도 가능하다고 합니다.""}, {""id"": 13, ""speaker"": 1, ""start_time"": 314.4, ""confidence"": 0.98, ""text"": ""비전 프로 같은 경우에는 M2 칩이 달린 구형 기준으로 90에서 95Hz였고, M5 칩이 달린 최신 버전 비전 프로의 경우에는 120Hz의 주사율을 지원하는데 아쉬우면서도 가격 생각하면 당연한 거라 할 수 있겠죠. 렌즈 같은 경우에 비전 프로와 비교를 해 보면은 더 동그란 형태의 렌즈가 들어가 있고 시력 교정 처방 렌즈를 위한 가이드가 장착돼 있는 것도 되게 비슷한 구조로 되는 걸 볼 수 있죠. 스펙 시트에 따르면은 시야각이 수평 109도에 수직 100도라고 하는데 요거는 전원을 연결해서 한번 확인해 보도록 합시다.""}, {""id"": 14, ""speaker"": 1, ""start_time"": 347.0, ""confidence"": 0.98, ""text"": ""전원은 여기 보이는 것처럼 요렇게 해서 붙여서 내리면 바로 전원 온입니다. 전원이 부팅되는 동안 잠깐 이야기를 해 보면요. 전반적으로 이 제품은요, 무게 자체를 최대한 줄이기 위해서 부품을 최대한 경량화한 티가 납니다. 주로 뭐 고무나 플라스틱 같은 재질을 이용해서 알루미늄과 유리를 사용하는 비전 프로에 비해서는 확실히 고급감이 떨어지는 측면이 있긴 한데요.""}, {""id"": 15, ""speaker"": 1, ""start_time"": 371.8, ""confidence"": 0.98, ""text"": ""더 오래 편안하게 착용할 수 있다는 점에서는 타협을 잘 한 꽤 합리적인 디자인이라고 평가할 수 있을 것 같습니다.""}, {""id"": 16, ""speaker"": 1, ""start_time"": 380.5, ""confidence"": 0.98, ""text"": ""일단 갤럭시 XR의 경우 기본적으로 비전 프로와 그리고 퀘스트 기기들과 비슷한 UI UX를 보여주고 있습니다. 딱 중간에 있는 거 같아요. 예를 들어 홈 화면의 모습이나 몰입 환경은 비전 프로와 거의 유사하고요. 터치 패드를 이렇게 탁탁 쳐서 몰입형 환경으로 바꾸는 건 퀘스트와 비슷하죠. 또한 입력 방식, 예를 들어서 홈 화면을 여는 기본적인 제스처 역시 앞선 두 기기와 상당히 유사한 방식을 보여주고 있는데요.""}, {""id"": 17, ""speaker"": 1, ""start_time"": 407.7, ""confidence"": 0.98, ""text"": ""차이점이라면 이런 입력 방식을 하나만 택하지 않고 최대한 다양한 옵션을 제공한다는 겁니다. 일단 기본적인 조작 방식은 핸드 트래킹인데요. 창을 잡고 옮기거나 크기를 조절하거나 끄고 켜는 과정이 모두 가능하며 비전 프로와 마찬가지로 눈으로 쳐다보고 손가락으로 집어 제어하는 입력 방식도 지원을 해 뒀습니다. 특히 이때는 마치 비전 프로처럼 상체 아래에 편히 손을 두고 창을 제어할 수 있었어요.""}, {""id"": 18, ""speaker"": 1, ""start_time"": 435.9, ""confidence"": 0.98, ""text"": ""당연히 마우스, 키보드도 제한 없이 사용할 수 있습니다. 특히 갤럭시 XR의 기본 입력값인 핸드 트래킹의 경우 초기 제품을 고려해도 그 정밀도는 상당한 수준이더라고요. 자, 여기서 이어지는 장점 중에 하나가 안경을 낀 상태에서 이 제품을 제어하는 게 가능하다는 점입니다. 이게 무슨 말이냐?""}, {""id"": 19, ""speaker"": 1, ""start_time"": 456.7, ""confidence"": 0.98, ""text"": ""비전 프로 같은 경우에는 반드시 시선 추적이 돼야만 이 기기를 조작할 수 있는데 이 기기는 손만으로도 입력이 가능한 옵션이 있으니까 굳이 처방 도수 렌즈까지 끼지 않고도 그냥 이대로 얼굴을 집어넣으면 눈앞에 화면이 보이거든요. 물론 이렇게 되면 화질의 문제도 있고 렌즈가 여기에 닿을 경우에 손상 우리가 있어서 추천하지는 않습니다만 옵션이 있기는 하다. 그게 어딥니까?""}, {""id"": 20, ""speaker"": 1, ""start_time"": 481.8, ""confidence"": 0.98, ""text"": ""넘어가서 그런데 사실 이 갤럭시 XR에는 이 모든 방식을 씹어먹는 궁극의 명령 입력 수단이 하나 더 존재합니다. 바로 AI예요. 갤럭시 XR은 처음부터 AI, 특히 구글 제미나이와의 결합에 기반한 기기이고 따라서 기기 내의 대부분의 입력 명령이 제미나이와 통합돼 있습니다. 그리고 이건 애플의 비전 프로에선 절대로 불가능한 입력 방식이에요.""}, {""id"": 21, ""speaker"": 1, ""start_time"": 507.3, ""confidence"": 0.98, ""text"": ""특히 비전 프로는 카메라와 관련된 API가 자사 인공지능인 시리에조차 막혀 있기 때문에 눈앞에 보이는 대상에 대해 AI에게 물어볼 방법 자체가 없거든요. 그런데 갤럭시 XR은 패스스루 상태에서 재미나에게 화면 공유를 열어 주기만 하면 곧바로 답변을 해주고요. 서클 투 서치 기능을 이용해 눈앞에 있는 대상에 대한 상세한 정보를 얻을 수도 있습니다.""}, {""id"": 22, ""speaker"": 1, ""start_time"": 531.5, ""confidence"": 0.98, ""text"": ""심지어 앱과 앱 사이를 오가면서 정보를 얻는 과정에서 필요한 번거로운 검색어 입력도 재미나이가 대신해 줄 수 있어요. 비전 프로의 경우 입력 작업을 하려면 여전히 컴퓨팅 작업, 그러니까 키보드랑 마우스가 필수적이거든요. 근데 갤럭시 XR은 재미나이를 통해 아예 다른 차원의 컴퓨팅 입력 경험을 제시하고 있다는 점에서 저는 굉장히 높은 점수를 줄 수 있을 것 같습니다.""}, {""id"": 23, ""speaker"": 1, ""start_time"": 554.8, ""confidence"": 0.98, ""text"": ""물론 프라이버시를 생각해 이런 식의 AI 개입을 싫어하시는 분들도 계시긴 하겠지만 있는데 안 쓰는 거랑 없는데 못 쓰는 거랑은 좀 다른 이야기긴 하거든요. 애플 비전 프로에 비해서 이 AI 부분에서는 갤럭시 XR이 처음부터 확실히 우월한 면모를 보여주고 있다는 생각이 듭니다.""}, {""id"": 24, ""speaker"": 1, ""start_time"": 572.8, ""confidence"": 0.98, ""text"": ""자, 이제 출력 경험, 뭐 디스플레이나 사운드니 하는 부분에 대해서 말할 차례인데, 일단 이런 장비에서 사람들이 예민하게 보는 시야각의 경우 갤럭시 XR의 시야각이 비전 프로에 비해서는 더 넓다는 느낌을 줬습니다. 비전 프로의 경우 착용하는 라이트 실의 두께가 얇을수록, 그러니까 눈이 렌즈 쪽에 붙으면 붙을수록 더 넓게 보이기 때문에 정확한 시야각을 측정할 수는 없는데요.""}, {""id"": 25, ""speaker"": 1, ""start_time"": 597.9, ""confidence"": 0.98, ""text"": ""이런 점을 다 고려하더라도 수직 시야각, 그러니까 위 아래로 보여지는 시야는 갤럭시 XR 쪽이 더 탁 트이는 느낌을 보여주더라고요. 그래서 이게 언제 좋냐면 네, 아이돌 가수 공연 감상할 때 진짜 좋습니다. 이거 관련해서 제가 진짜 추천하고 싶은 앱은 네이버에서 만든 치지직 XR 앱이거든요. 여기 보면은 치지직 측에서 자체적으로 촬영한 공연 영상이 몇 개가 있는데 이게 캬, 진짜 제대로 된 카메라에 제대로 된 색감을 입혀서 결과물의 입체감이나 현장감이 진짜 대단한 수준이거든요.""}, {""id"": 26, ""speaker"": 1, ""start_time"": 628.6, ""confidence"": 0.98, ""text"": ""수직 시야각이 넓으니까 공간감도 좋고요. 보는 내내 진짜 감탄을 금치 못하고 영상을 봤었는데요. 확실히 이쪽 분야에서 특히 스트리밍 서비스나 공연 서비스 분야에서는 이 장비의 잠재력이 진짜 엄청나다는 걸 느꼈었습니다. 제가 체험해 본 앱 중에서 이 치지직 XR 앱이 가장 미래나 방향성에 돋보이는 앱이라는 생각이 들더라고요. 어쨌든,""}, {""id"": 27, ""speaker"": 1, ""start_time"": 649.5, ""confidence"": 0.98, ""text"": ""넘어가서 아쉬운 부분 이야기를 좀 하면은 바로 패스스루 부분 화질인데요. 비전 프로와 비교하면 갤럭시 XR의 디스플레이 픽셀 밀도가 더 높음에도 불구하고 비전 프로에 비해 화질이 약간 더 떨어진다는 느낌을 받았습니다. 그래서 결과물을 놓고 보면 갤럭시 XR 쪽이 더 밝게 보이긴 해도 더 현실적이지 않은 보정된 카메라 화면을 보고 있다는 느낌을 많이 주더라고요. 또한 영상 감상 시 단독으로 보면 불편함을 느끼진 못하지만 비전 프로와 비교하면 어딘지 모르게 약간 떨어진 느낌을 받는데 특히 돌비 비전이 적용된 영화를 감상할 경우에는 차이가 좀 두드러지는 편입니다.""}, {""id"": 28, ""speaker"": 1, ""start_time"": 684.4, ""confidence"": 0.98, ""text"": ""이외에도 디스플레이 부분에서 갤럭시 XR의 또 다른 단점은 초기 설정에서 IPD, 그러니까 눈과 눈 사이의 간격이 지나치게 넓게 설정된다는 점입니다. 이게 무슨 말이냐면 이 기기를 처음 착용하면 눈과 눈 사이의 간격을 측정해서 렌즈를 눈 앞에 요렇게 배치시켜 주거든요. 근데 그 위치가 실제 눈이 입체감을 느끼게 딱 맞는 그 부분보다는 살짝 더 바깥쪽에 위치한다는 겁니다.""}, {""id"": 29, ""speaker"": 1, ""start_time"": 709.3, ""confidence"": 0.98, ""text"": ""이렇게 되면은 렌즈 간격이 벌어지게 되니까 양쪽에 시야각이 보여서 시야각이 되게 넓어 보이는 느낌을 주긴 하거든요. 근데 이렇게 되면 저 같은 사람을 포함해서 일부 사람들에게는 가운데 벌어진 렌즈 부분에 검은색 줄이 발생하게 되는 현상이 발생하게 돼요. 이 현상을 완화하려면 기기를 이렇게 똑바로 착용하지 않고 약간 기울여서 착용해야 되는 문제점이 있어요.""}, {""id"": 30, ""speaker"": 1, ""start_time"": 733.3, ""confidence"": 0.98, ""text"": ""네, 이렇게 되면 눈도 아프고요. 이마의 통증이 오는 경우가 생각보다 많습니다. 전반적으로 착용 후 타 기기에 비해서 눈이 아프다라는 평가가 좀 있던데 이 부분에 있어서는 이 장비가 IPD 조절을 좀 해야 되지 않나라는 생각이 듭니다. 사운드 출력의 경우 비전 프로와 비교하면 스피커의 크기 자체가 약간 더 작음 그리고 얇음에도 불구하고 충분히 좋은 소리를 내어 줍니다.""}, {""id"": 31, ""speaker"": 1, ""start_time"": 756.6, ""confidence"": 0.98, ""text"": ""특히 공간 음향에서는 상당히 높은 퀄리티로 소리를 뽑아 주기 때문에 이 부분에 있어서는 만족하실 분들도 꽤 있으실 것 같습니다.""}, {""id"": 32, ""speaker"": 1, ""start_time"": 766.0, ""confidence"": 0.98, ""text"": ""콘텐츠 측면에서 보면 이 갤럭시 XR은 상당히, 그것도 비전 프로에 비하면 상당히 훌륭한 편이에요. 일단 앞서 소개해 드린 치지직 앱도 그렇고 넷플릭스랑 유튜브를 지원하는 게 진짜 너무 사기입니다. 일단 이걸 딱 쓰고 볼 게 너무 많잖아요. 특히 유튜브를 가지고 있는 구글의 위력이 바로 여기서 나오는데 비전 프로는 유튜브 정식 앱조차 없는 반면 여긴 유튜브 앱을 들어가면 딱 XR 경험에 맞춘 영상들이 주르륵 모여 뜨거든요.""}, {""id"": 33, ""speaker"": 1, ""start_time"": 792.8, ""confidence"": 0.98, ""text"": ""이 중에는 2D로 찍었지만 3D로 자동 변환된 영상들도 포함되는데 이런 영상들이 주는 입체감이 오, 생각보다 훌륭한 편이에요. 그리고 넷플릭스는 이런 VR 관련 헤드셋들 중에서 오직 갤럭시 XR에서만 공식 앱이 지원됩니다. 게다가 쿠팡 플레이 등 한국인에게 맞춘 콘텐츠들도 이 플랫폼에 올라올 예정이기 때문에 저는 콘텐츠의 다양성 측면에서는 아주 좋은 시작이라는 생각이 들더라고요.""}, {""id"": 34, ""speaker"": 1, ""start_time"": 822.2, ""confidence"": 0.98, ""text"": ""아, 그리고 이거 여쭤보시는 분들 많았는데 연동성의 경우 안드로이드 스마트폰 그리고 윈도우 PC와 연관이 괜찮습니다. 앞서 말씀드렸듯 기존 안드로이드 앱을 대부분 설치해서 평면 형태로 실행할 수 있고요. XR 전용 콘텐츠도 곧바로 깔아 사용할 수 있습니다. 또한 안드로이드 스마트폰에서 전화나 메시지를 당겨받을 수 있는 기능이 존재해서 전화를 바로 XR 상에서 받아 통화도 가능합니다.""}, {""id"": 35, ""speaker"": 1, ""start_time"": 845.4, ""confidence"": 0.98, ""text"": ""PC와의 연동성 역시 나쁘지 않은 편입니다. 갤럭시 노트북이 있다면 PC 연결 기능을 활용해서 곧바로 화면을 띄울 수가 있습니다. 그런데 만약 갤럭시 노트북이 없다? 그러면 플레이 스토어에서 버추얼 데스크톱 같은 앱, 비싸긴 한데 그걸 다운 받아 실행할 수 있기 때문에 일반 PC를 연결할 상태에서도 그 화면을 충분히 띄울 수 있습니다.""}, {""id"": 36, ""speaker"": 1, ""start_time"": 864.2, ""confidence"": 0.98, ""text"": ""특히 이게 해상도 때문에 다른 장비 대비 주는 만족감이 아주 큰 편인데요. 여기 보이는 이 퀘스트 3 같은 장비의 경우 디스플레이 해상도가 2K여도 현실 속 모니터처럼 약간 떨어뜨려서 약간 멀리 디스플레이를 띄우게 되면은 그 디스플레이의 픽셀 해상도는 풀 HD 이하로 내려가는 경우가 종종 있었거든요. 근데 이거는 애당초 4K.""}, {""id"": 37, ""speaker"": 1, ""start_time"": 886.1, ""confidence"": 0.98, ""text"": ""해상도가 상당히 좋기 때문에 더 고해상도의 2K 디스플레이 같은 거를 현실 모니터의 픽셀 수와 똑같이 맞춰 띄우는 게 가능합니다. 게다가 지연 속도의 경우에도 나쁘지 않은 편입니다. 이런 버추얼 데스크톱 디스플레이 앱의 경우 무선 와이파이 신호를 통해서 PC 화면을 디스플레이에 주고받는데 갤럭시 XR의 경우 와이파이 7 연결까지 지원하고 있기 때문에 더 낮은 지연 시간을 획득할 수도 있을 것 같습니다.""}, {""id"": 38, ""speaker"": 1, ""start_time"": 910.9, ""confidence"": 0.98, ""text"": ""현재 저희가 사용하고 있는 평범한 와이파이 6 이 공유기로도 투 모니터 영상 편집이 가능한 모습을 보여주더라고요. 다만 현재 PC VR 게임 관련해서는 일단 버추얼 데스크톱 기준으로 하프라이프 알릭스가 실행이 되기는 되거든요. 근데 컨트롤러가 없어요. 아직 삼성 정품 컨트롤러는 구하지 못해서 이 부분은 여건이 된다면 다시금 더 자세히 설명하는 시간을 갖도록 하겠습니다.""}, {""id"": 39, ""speaker"": 1, ""start_time"": 935.4, ""confidence"": 0.98, ""text"": ""라고 말하는 순간 주문한 갤럭시 S 컨트롤러가 도착해 버렸습니다. 그래서 지금부터는 이 33만 원짜리 컨트롤러가 과연 어느 정도의 쓸모가 있는지, 경쟁사 기기 대비 얼마나 유용함을 보여주는지 리뷰를 준비하도록 하겠습니다. 어, 당장 나오긴 어려울 것 같고요. 제품을 좀 체험을 해 보고 자세한 결과를 다음 주 정도에는 말씀드릴 수 있을 것 같아요.""}, {""id"": 40, ""speaker"": 1, ""start_time"": 956.0, ""confidence"": 0.98, ""text"": ""자, 그럼 기대해 주시고요. 구독과 좋아요를 간절히 부탁드리며 영상을 마칩니다. 끝. 네. 어우.""}, {""id"": 41, ""speaker"": 1, ""start_time"": 964.4, ""confidence"": 0.98, ""text"": ""이게 오게 될 줄 몰랐는데 벌써 와버렸네요.""}]",gemini,2025-10-24 13:48:51,오목교 전자상가,1472.0,2025-10-24,"## 갤럭시 XR 제품 리뷰 요약

다음은 제공된 회의록(제품 리뷰) 내용에 대한 요약입니다.

### 1. 주요 논의 주제
새롭게 발표된 **'갤럭시 XR'** 기기에 대한 상세 리뷰 및 경쟁 제품인 **애플 비전 프로**, **메타 퀘스트**와의 비교 분석.

*   **언박싱 및 구성품**: 본체, 외장 배터리, 전용 케이블, 45W 충전기, 액세서리(이마 쿠션, 빛 차단 가리개) 등 포함.
*   **디자인 및 착용감**: 비전 프로와 유사한 외형이나, 무게 분산 구조(이마/뒤통수)로 착용감이 더 편안함. 플라스틱 및 고무 재질 사용으로 고급감은 다소 떨어짐.
*   **디스플레이 및 사운드**: 4K 마이크로 OLED, 60-90Hz 주사율. 비전 프로 대비 패스스루 화질은 다소 아쉬우나, 수직 시야각이 넓어 몰입감이 좋음. 공간 음향 품질은 우수.
*   **입력 방식 및 UX**: 핸드 트래킹, 시선 추적, 터치패드 등 다양한 입력 방식을 지원. 특히 구글 '제미나이' AI를 통한 음성 명령 및 정보 검색 기능이 핵심 차별점.
*   **콘텐츠 및 연동성**: 유튜브, 넷플릭스 공식 앱을 지원하여 초기 콘텐츠 생태계가 매우 강력함. 안드로이드 스마트폰 및 윈도우 PC와의 연동성도 뛰어남.

### 2. 주요 결정 사항 (리뷰어의 핵심 평가)
*   **종합 평가**: 갤럭시 XR은 고급감은 다소 부족하지만, **착용 편의성, AI 기능 통합, 강력한 콘텐츠 생태계**를 통해 실용성과 합리성을 극대화한 제품이다.
*   **장점**:
    *   **착용감**: 광대가 눌리는 비전 프로보다 무게 분산이 잘 되어 장시간 사용에 유리.
    *   **AI 통합**: '제미나이' AI를 활용한 입력 및 검색은 비전 프로가 제공하지 못하는 혁신적인 경험.
    *   **콘텐츠**: 유튜브, 넷플릭스 등 핵심 앱을 공식 지원하여 시작부터 즐길 거리가 풍부함.
    *   **입력 유연성**: 핸드 트래킹만으로도 조작이 가능해 안경 착용자도 별도 렌즈 없이 사용 가능(권장되진 않음).
*   **단점**:
    *   **패스스루 화질**: 비전 프로에 비해 현실감이 떨어지고 보정된 느낌이 강함.
    *   **IPD(동공 간 거리) 문제**: 초기 IPD 설정이 넓게 잡혀 일부 사용자에게 화면 중앙에 검은 줄이 보이는 현상이 발생할 수 있음.
    *   **소재**: 알루미늄과 유리를 사용한 비전 프로에 비해 고급감이 떨어짐.

### 3. 액션 아이템
*   새로 도착한 **'갤럭시 S 컨트롤러'**를 테스트할 예정.
*   다음 주 중으로 컨트롤러의 성능과 활용성에 대한 상세 리뷰를 진행하고 공유할 계획.

### 4. 중요한 발언이나 의견
*   ""AI와의 결합은 애플 비전 프로에서는 절대로 불가능한 입력 방식이며, 갤럭시 XR이 다른 차원의 컴퓨팅 경험을 제시하는 부분이다.""
*   ""착용감은 확실히 광대 쪽이 짓눌리는 비전 프로 형태보다는 훨씬 개선된 무게감을 보여준다.""
*   ""넷플릭스와 유튜브를 지원하는 게 진짜 너무 사기다. 콘텐츠의 다양성 측면에서는 아주 좋은 시작이다.""
*   ""초기 IPD 설정 문제로 인해 눈의 피로와 이마 통증을 유발할 수 있어, 이 부분은 조정이 필요해 보인다.""",0.0
https://www.youtube.com/watch?v=2Vwj8erWFtA,2Vwj8erWFtA,"삼성전자·SK하이닉스, HBM4 실물 국내 나란히 첫 공개...AI 메모리 격돌｜지금 이 뉴스","mp4\삼성전자·SK하이닉스, HBM4 실물 국내 나란히 첫 공개...AI 메모리 격돌｜지금 이 -2Vwj8erWFtA.mp4","mp3\삼성전자·SK하이닉스, HBM4 실물 국내 나란히 첫 공개...AI 메모리 격돌｜지금 이 -2Vwj8erWFtA.mp3","[{""id"": 0, ""speaker"": 1, ""start_time"": 3.13, ""confidence"": 0.98, ""text"": ""삼성전자와 SK 하이닉스가 6세대 고대역폭 메모리 HBM 실물을 국내에 처음으로 나란히 공개했습니다. 양사는 어제 서울 코엑스에서 열린 국내 최대 규모의 반도체 전시회 세덱스 2025에서 HBM4 실물을 전시장 전면에 내세웠습니다. HBM4 실물이 일반에 공개된 건 처음입니다. 두 회사의 전시장에는 HBM4를 보려는 관람객들로 북적였습니다.""}, {""id"": 1, ""speaker"": 1, ""start_time"": 29.33, ""confidence"": 0.98, ""text"": ""HBM4는 5세대 HBM3E에 이은 차세대 제품입니다. 글로벌 AI 반도체 선두 기업인 엔비디아가 내년부터 신규 AI 가속기인 루빈에 HBM4를 탑재하기로 하면서 삼성전자와 SK 하이닉스 모두 HBM4 양산에 뛰어들었습니다. 최대 승부처는 이르면 올해 말 공개될 엔비디아 등 고객사의 품질 평가 결과입니다.""}, {""id"": 2, ""speaker"": 1, ""start_time"": 53.56, ""confidence"": 0.97, ""text"": ""HBM3E 경쟁에 뒤쳐졌던 삼성전자는 HBM4 경쟁에선 반드시 앞서나가겠다는 의지를 다지고 있습니다. 경쟁사보다 한 세대 앞선 기술인 10나노급 1c 공정으로 역전을 노리고 있습니다.""}, {""id"": 3, ""speaker"": 1, ""start_time"": 66.8, ""confidence"": 0.98, ""text"": ""HBM3E를 통해 세계 1위에 등극한 SK 하이닉스는 16층 적층 기술 등을 바탕으로 HBM4 경쟁에서도 상승세를 이어가겠다는 계획입니다. SK 하이닉스는 부스의 상당 면적을 HBM으로 채우는 등 자신감을 드러냈습니다. HBM4를 구성하는 인터포저와 D램 베이스 다이를 쌓은 형상에 거대한 조형물을 세워 HBM 대표 주자임을 강조했습니다.""}]",gemini,2025-10-24 13:49:02,JTBC News,10577.0,2025-10-23,"## 회의록 요약

### 1. 주요 논의 주제
- 삼성전자와 SK 하이닉스의 6세대 고대역폭 메모리(HBM4) 실물 최초 공개 및 시장 주도권 경쟁
- 엔비디아의 차세대 AI 가속기 '루빈' 탑재를 목표로 한 양사의 HBM4 기술 및 양산 경쟁 동향

### 2. 주요 결정 사항
- (회의록 내용상 특정된 결정 사항은 없습니다.)

### 3. 액션 아이템
- (회의록 내용상 특정된 액션 아이템은 없습니다.)

### 4. 중요한 발언이나 의견
- **삼성전자:** HBM3E 경쟁에서의 열세를 만회하기 위해, 경쟁사보다 앞선 '10나노급 1c 공정' 기술로 HBM4 시장의 주도권을 잡겠다는 의지를 보임.
- **SK 하이닉스:** HBM3E 시장 1위의 자신감을 바탕으로 '16층 적층 기술' 등을 통해 HBM4 시장에서도 상승세를 이어가겠다는 계획을 밝힘.
- **시장 전망:** HBM4 경쟁의 최대 승부처는 이르면 올해 말에 공개될 엔비디아 등 주요 고객사의 품질 평가 결과가 될 것으로 전망됨.",0.0
https://www.youtube.com/watch?v=yseGNVxZwRY,yseGNVxZwRY,데이트 하기좋은 남산 서울타워 🗼총정리 | 야경부터 봉수대까지 남산타워 여행정보,mp4\데이트 하기좋은 남산 서울타워 🗼총정리 ｜ 야경부터 봉수대까지 남산타워 여행정보-yseGNVxZwRY.mp4,mp3\데이트 하기좋은 남산 서울타워 🗼총정리 ｜ 야경부터 봉수대까지 남산타워 여행정보-yseGNVxZwRY.mp3,"[{""id"": 0, ""speaker"": 1, ""start_time"": 15.78, ""confidence"": 0.98, ""text"": ""서울 여행을 계획하고 계시다면, 서울의 랜드마크를 많이 생각하실 텐데요. 그중에서도 남산 서울 타워는 서울의 상징으로 서울의 멋진 야경을 감상할 수 있는 곳으로 알려져 있습니다.""}, {""id"": 1, ""speaker"": 1, ""start_time"": 29.43, ""confidence"": 0.98, ""text"": ""라파엘의 여행 일기에서 서울 가볼 만한 곳, 남산 서울 타워에 대해서 알려드리겠습니다.""}, {""id"": 2, ""speaker"": 1, ""start_time"": 39.48, ""confidence"": 0.97, ""text"": ""옛 명칭은 서울 타워였지만 지금은 남산 서울 타워라는 이름으로 바뀌었고 보통은 남산 타워로 불립니다. 탑 자체의 높이는 236.7m로 남산의 해발 고도까지 더하면 479.7m에 달합니다.""}, {""id"": 3, ""speaker"": 1, ""start_time"": 61.8, ""confidence"": 0.97, ""text"": ""남산 서울 타워를 가는 방법은 세 가지가 있습니다. 도보, 버스, 케이블카를 이용하는 방법입니다. 도보로 가는 방법은 남산 계단 코스, 국립극장 쪽 코스 등 다양한 경로가 있습니다. 버스를 이용한다면 순환버스 01A번 또는 01B번을 타고 가면 됩니다. 버스에서 내려 조금만 걸으면 타워에 도착할 수 있습니다.""}, {""id"": 4, ""speaker"": 1, ""start_time"": 93.57, ""confidence"": 0.98, ""text"": ""경치를 즐기고 싶다면 남산 케이블카를 이용할 수 있습니다. 명동역과 회현역에서 도보로 10분 거리에 케이블카 승강장이 있어 편하게 올라갈 수 있습니다. 대신 남산 서울 타워 조금 아래쪽에 도착하여 케이블카에서 내린 후 계단을 조금 올라가면 남산 분수대가 있고 그 옆에 남산 서울 타워가 있습니다.""}, {""id"": 5, ""speaker"": 1, ""start_time"": 121.64, ""confidence"": 0.97, ""text"": ""자차를 이용한다면 남산 서울 타워까지는 올라갈 수 없지만 남산 케이블카 공영 주차장에 주차를 하고 케이블카를 이용해 올라갈 수 있습니다. 운영 시간은 오전 9시부터 오후 21시까지 연중무휴이며 5분당 330원의 주차 요금이 있습니다.""}, {""id"": 6, ""speaker"": 1, ""start_time"": 145.56, ""confidence"": 0.98, ""text"": ""서울 도심지 어디에서든 남산 타워를 볼 수 있습니다. 날씨가 좋은 날에는 서울 외곽에서도 관측할 수 있을 정도로 서울의 랜드마크 역할을 하고 있습니다. 남산 서울 타워 정상에 오르면 서울의 모든 풍경이 다 보입니다. 높은 곳에 올라 시원한 바람을 맞으며 바라보는 남산 서울 타워의 풍경은 힐링 그 자체입니다.""}, {""id"": 7, ""speaker"": 1, ""start_time"": 171.49, ""confidence"": 0.98, ""text"": ""오후 15시가 되자 남산 서울 타워 내 팔각정 앞에 외국인은 물론 내국인들까지 수많은 사람들이 모여듭니다. 매일 오후 15시부터 15시 40분까지 남산봉수 의식 전통 문화재연 행사로 전통 무예 공연과 사물놀이 공연을 관람할 수도 있습니다.""}, {""id"": 8, ""speaker"": 1, ""start_time"": 191.82, ""confidence"": 0.97, ""text"": ""정상 공원에는 조선시대 봉수대 터가 남아 있기도 합니다. 봉수는 연기나 불을 사용해 멀리 떨어진 곳에 신호를 전달하던 조선 시대의 통신 수단으로 전쟁이나 국가의 중요한 상황을 중앙 정부에 신속하게 알리는 역할을 했습니다. 전국 8도에서 모인 봉화불 봉연의 최종 도착지가 바로 이 남산 봉수대였습니다. 매일 오전 11시에도 이곳에서 간소하게 봉수 행사가 열리기도 합니다.""}, {""id"": 9, ""speaker"": 1, ""start_time"": 229.8, ""confidence"": 0.98, ""text"": ""남산 서울 타워의 자물쇠는 사랑의 자물쇠로 불립니다. 연인들이 사랑을 맹세하며 자물쇠를 걸어두는 장소로 유명하며 수많은 자물쇠들이 타워 주변에 난간에 빼곡히 걸려 있습니다. 주로 타워 전망대 주변의 울타리나 특별히 제작된 자물쇠 거치대에 자물쇠를 걸 수 있습니다. 자물쇠 구역 주변에는 포토존이 마련되어 있어 자물쇠를 걸고 기념 사진을 찍을 수 있습니다.""}, {""id"": 10, ""speaker"": 1, ""start_time"": 263.41, ""confidence"": 0.97, ""text"": ""밤이 되면 아름다운 서울의 야경을 감상할 수 있는데 반대로 서울 각지에서는 남산 타워의 야경을 감상할 수 있습니다. 남산 서울 타워의 조명은 대기 상태에 따라 색이 변하는데 파란색, 녹색, 노란색, 빨간색 순으로 변하며 대기질이 나쁘면 빨간색으로 변합니다.""}, {""id"": 11, ""speaker"": 1, ""start_time"": 283.75, ""confidence"": 0.97, ""text"": ""남산 서울 타워는 서울의 랜드마크 중 하나이지만 비교적 사람들이 많이 찾는 곳은 아닙니다. 서울의 멋진 전경과 아름다운 야경을 감상하고 싶으시다면 남산 서울 타워를 방문해 보세요. 지금까지 라파엘의 여행 일기에서 알려드렸습니다. 영상이 유익하셨다면 구독과 좋아요 부탁드려요.""}]",gemini,2025-10-24 13:52:38,Rapa's Travel Diary,17527.0,2024-08-31,,0.0
https://www.youtube.com/watch?v=HGcWR2B3lao,HGcWR2B3lao,남산 서울타워에 관한 재미있는 사실들,mp4\남산 서울타워에 관한 재미있는 사실들-HGcWR2B3lao.mp4,mp3\남산 서울타워에 관한 재미있는 사실들-HGcWR2B3lao.mp3,"[{""id"": 0, ""speaker"": 1, ""start_time"": 0.13, ""confidence"": 0.98, ""text"": ""남산타워의 정식 명칭은 남산 서울타워입니다. 2015년 12월에 YTN이 남산타워 아래층에 복합 문화 공간인 서울타워 플라자를 새로 개장하면서 2016년 남산 서울타워로 명칭이 바뀌었습니다. 하지만 일반 사람들은 남산에 있기 때문에 보통 남산 서울타워를 남산타워라고 많이들 부르고 있으며 서울에 있어서 서울타워라고 부르기도 합니다.""}, {""id"": 1, ""speaker"": 1, ""start_time"": 23.81, ""confidence"": 0.99, ""text"": ""지금의 남산타워는 전망대와 더불어 기타 여러 가지 부대 시설이 설치되어 있어서 관광하기 정말 좋은 곳이지만 초창기 남산타워는 그렇지 못했습니다. 부대시설은 커녕 전망대조차 설치되어 있지 않았던 그냥 방송용 송신탑이었기 때문입니다. 남산타워를 세운 이유는 크게 두 가지 이유가 있습니다. 첫 번째는 1975년 전까지 서울 각지에 여러 개의 방송용 송신탑이 난립해 있었는데 이러한 송신탑들을 정리하고 통합하고자 남산타워를 설치한 것입니다. 두 번째로는 남산타워가 세워지기 전에는 서울시내 어디에서나 북한 라디오 방송을 들을 수 있었고 심지어 구파발, 불광동 등 일부 북부 지역에서는 북한 TV 방송 시청마저도 가능했었는데 이러한 북한 방송의 전파를 막기 위해 설치한 것입니다.""}, {""id"": 2, ""speaker"": 1, ""start_time"": 69.12, ""confidence"": 0.98, ""text"": ""남산타워는 한 기자의 기사 하나 때문에 일반인의 출입이 전면 금지되기도 했습니다. 때는 1974년 5월, 한 한국일보 기자가 남산타워에 올라가서 사진을 찍은 후 북의 땅 송악이 보인다, 북악도 성큼 수채화처럼 라는 제목의 기사를 실은 것입니다. 이 기사를 본 박정희 대통령은 노발대발하며 남산타워에서 북의 땅 송악이 보인다면 송악에서도 남산타워가 보이는 것 아니냐라며 화를 낸 것입니다. 박정희 대통령이 이런 반응을 보인 이유는 우선 북한이 서울을 사정권에 두는 장거리 대포를 개발할 경우 남산타워가 장거리포의 주요 표적이 될 수 있었기 때문입니다. 또한 북한에서 남산타워가 수채화처럼 보인다면 무장 간첩이 남산타워에 올라와 청와대를 한눈에 볼 수도 있다는 것이기 때문에 군사 보안상의 이유로 민간인 출입을 금지시켰습니다.""}, {""id"": 3, ""speaker"": 1, ""start_time"": 118.7, ""confidence"": 0.99, ""text"": ""번외로 트래블바이크뉴스에 따르면 지금도 남산타워에는 군사 보안상의 이유로 청와대 방면 만원경이 없다고 합니다. 남산타워는 자가용을 타고 출입할 수 없습니다. 2005년 이전에는 남산타워를 자가용이나 택시로 올라갈 수 있었지만 점점 늘어나는 관광객들의 차량으로 심각한 주차난이 문제로 대두되어 결국 남산행 노선 버스를 제외한 차량은 전부 출입을 금지시켰습니다. 번외로 노란색 순환버스인 02번, 04번 버스를 이용하시면 편하게 남산타워에 올라가실 수 있으니 걸어서 올라가시지 않는 것을 추천해 드립니다. 저도 이맘때쯤 걸어서 남산타워를 올라간 적이 있는데 진짜 힘들어서 죽을 뻔했습니다.""}, {""id"": 4, ""speaker"": 1, ""start_time"": 157.37, ""confidence"": 0.98, ""text"": ""남산타워는 1975년 완공 당시 높이 236.7m로 대한민국에서 가장 높은 탑이 되었던 적이 있습니다만 1985년 63빌딩이 완공되면서 그 자리를 넘겨주었습니다. 하지만 남산타워는 지금도 매년 관광객 840만 명이 방문하는 서울에서 빼놓을 수 없는 서울을 대표하는 랜드마크입니다. 일단 산의 해발고도까지 합하면 그 높이가 480m에 달하기 때문에 서울의 전경을 한눈에 볼 수 있으며 산에 있는 건축물답게 계절에 따라 그 자태가 다르게 보이는 상당히 매력적인 관광지여서 많은 사람들이 방문을 하고 있는 핫플레이스입니다. 실제로 2012년 서울시가 외국인 2,400명을 대상으로 설문조사한 결과 서울 속 한류 명소 1위에 남산타워가 선정된 바 있습니다. 번외로 2011년에 서울시가 실시한 설문조사에서는 외국인 16%가 타워 울타리에 자신의 이름이 붙여진 자물쇠를 매다는 것이 서울에서 가장 좋아하는 활동이라고 밝히기도 했습니다.""}, {""id"": 5, ""speaker"": 1, ""start_time"": 214.88, ""confidence"": 0.99, ""text"": ""남산타워는 서울의 랜드마크답게 여러 매체에 등장했습니다. 대표적으로 꽃보다 남자, 별에서 온 그대, 심슨 가족 등등 수많은 매체에서 남산타워가 등장했습니다. 심지어 미키마우스와 미니마우스가""}, {""id"": 6, ""speaker"": 2, ""start_time"": 228.42, ""confidence"": 0.95, ""text"": ""사랑해.""}, {""id"": 7, ""speaker"": 3, ""start_time"": 230.41, ""confidence"": 0.94, ""text"": ""미키!""}, {""id"": 8, ""speaker"": 4, ""start_time"": 231.43, ""confidence"": 0.95, ""text"": ""사랑해요.""}, {""id"": 9, ""speaker"": 5, ""start_time"": 232.82, ""confidence"": 0.94, ""text"": ""미키.""}, {""id"": 10, ""speaker"": 6, ""start_time"": 234.49, ""confidence"": 0.95, ""text"": ""사랑합니다.""}, {""id"": 11, ""speaker"": 1, ""start_time"": 238.33, ""confidence"": 0.99, ""text"": ""라며 남산타워까지 와서 서로의 사랑을 확인하기도 했습니다. 남산타워는 2015년에 킹콩을 설치하기도 했는데 너무 리얼했는지 어떤 아기는 킹콩의 모습을 보자 울음을 터트리기도 했습니다.""}, {""id"": 12, ""speaker"": 1, ""start_time"": 251.15, ""confidence"": 0.98, ""text"": ""남산타워는 시민들의 건강을 위해 여러 가지 색깔로 대기 상태를 알려주고 있습니다. 대기 상태가 좋을 때는 파란색, 보통의 경우에는 노란색이나 보라색 등의 빛깔을 비추는데 초미세먼지 주의보가 발령되는 순간 조명을 빨간색으로 비춰 시민들에게 이를 알리는 사회적 공헌을 하고 있습니다.""}]",gemini,2025-10-24 13:57:05,오분사색,181789.0,2020-06-03,,0.0
https://www.youtube.com/watch?v=Oj-TpRD4OAo,Oj-TpRD4OAo,서울여행 끝판왕 남산리뷰 - 명동에서 남산 가는 방법 / 남산오르미 / 남산케이블카 / 서울타워 / 남산 스타벅스까지,,mp3\서울여행 끝판왕 남산리뷰 - 명동에서 남산 가는 방법 ⧸ 남산오르미 ⧸ 남산케이블카 ⧸ 서-Oj-TpRD4OAo.mp3,"[{""id"": 0, ""speaker"": 1, ""start_time"": 0.202, ""confidence"": 0.9, ""text"": ""어, 무슨 이렇게 모양이 이렇게 딱 서 가지고 약간 불안해 보이기도 하는데 오, 잘 올라갑니다. 공인중개사 합격하셨나 모르겠네, 이분.""}, {""id"": 1, ""speaker"": 1, ""start_time"": 6.407, ""confidence"": 0.92, ""text"": ""이런 뷰가 펼쳐지는 게 어, 다시 시작됐습니다, 여러분. 자, 길거리 우리의 3인의 댄서가.""}, {""id"": 2, ""speaker"": 1, ""start_time"": 13.698, ""confidence"": 0.98, ""text"": ""반갑습니다. 집방 철입니다. 자 지난번 명동에 이어서 자 오늘은 자 남산 가는 길을 제가 남산을 갈 건데 소개를 시켜 드리겠습니다.""}, {""id"": 3, ""speaker"": 1, ""start_time"": 23.718, ""confidence"": 0.98, ""text"": ""오늘의 코스 명동에서 나와서 길을 따라 올라가서 저쪽에 신기한 계단이 있어요. 그거를 타고 케이블을 타고 카를 타고 올라가서 버스를 타고 내려가는 그런 코스로 갈 건데. 자 남산 리뷰 제가 한번 해 드리도록 하겠습니다. 어우 오늘 날씨 너무 좋아요.""}, {""id"": 4, ""speaker"": 1, ""start_time"": 41.438, ""confidence"": 0.98, ""text"": ""신세계 백화점도 잘 보이고. 자 집방탈 출동! 자, 길은 저쪽에 보면은 5번 출구가 있습니다. 5번 출구. 5번 출구 나오셔서 요렇게 해 가지고 자 우리은행 있는 빌딩, 그리고 여기 스타벅스 리저브 점도 있는데 요 사이길로 올라가시면 되는 거예요.""}, {""id"": 5, ""speaker"": 1, ""start_time"": 58.368, ""confidence"": 0.98, ""text"": ""남산 3호 터널 가는 길이구나. 어, 여러분 제가 타고 싶어 하는 시티투어 버스를 발견했습니다. 아, 저렇게 다니는 거구나. 저도 나중에 저거 한번 타서 리뷰 한번 해 드리도록 할게요. 아, 타고 싶은데.""}, {""id"": 6, ""speaker"": 1, ""start_time"": 71.588, ""confidence"": 0.97, ""text"": ""자, 시티투어 버스가 가고 있습니다. 재밌겠다, 시티투어 버스. 오늘 날씨는 참 좋은데 어우 바람이 좀 부네요. 뭐 그래도 여름은 여름인지라 덥습니다. 아이고. 빨리 올라가 가지고 시원한 커피 한 잔 마셔야 될 것 같아요.""}, {""id"": 7, ""speaker"": 1, ""start_time"": 91.478, ""confidence"": 0.97, ""text"": ""이제 슬슬 남산타워가 보이기 시작하네요, 저쪽에. 야, 시티버 시티투어 버스 또 지나갑니다. 야. 제가 감기에 걸려가지고 목소리 들으시면 아시겠지만은 마스크를 쓰고 있는데 아 말하는 게 코가 막혀서 숨이 차네요. 여러분 감기 조심하십시오.""}, {""id"": 8, ""speaker"": 1, ""start_time"": 111.118, ""confidence"": 0.98, ""text"": ""어, 여러분 캐스퍼인데 외교차를 달고 있는 거를 발견했습니다. 사실 남산으로 가는 코스는 다양하게 있는데 제가 이 코스를 소개해드려 시켜 드리는 이유가 저쪽에 가시면은 보이십니까? 저쪽에 좀 신기한 걸 타는 게 있어요.""}, {""id"": 9, ""speaker"": 1, ""start_time"": 127.698, ""confidence"": 0.97, ""text"": ""그러니까 계단을 오르는 엘리베이터라고 해야 되나? 그런 거 아이들 보여주면은 좋을 것 같아서 이 코스 추천해 드려요. 아, 여기 보니까 서울 시티투어 버스 이렇게 노선이 여기도 서는군요. 어, 남산 오르미. 어 이렇게 돼 있습니다.""}, {""id"": 10, ""speaker"": 1, ""start_time"": 142.748, ""confidence"": 0.98, ""text"": ""어 오늘 날씨 너무 좋네요. 저쪽에 도서관 연구 정보원, 도서관이죠. 그런 것도 보이고. 아, 이게 이름이 보니까 남산 오르미가 이거 이름인가 봐요. 오르미 승강장. 지금 보시면은 저쪽에 이렇게 올라가는 데 보이시죠? 저기서 타는 겁니다.""}, {""id"": 11, ""speaker"": 1, ""start_time"": 159.358, ""confidence"": 0.98, ""text"": ""자, 보이시죠? 저렇게 내려오는 겁니다. 경사를 오르는 에스컬레이터. 어디 무슨 뭐 알프스 같은 데 가면은 볼 수 있는 듯한 그런 느낌인데. 자, 저거를 타고서 올라가시면 금방 올라가실 수 있어요.""}, {""id"": 12, ""speaker"": 1, ""start_time"": 172.848, ""confidence"": 0.98, ""text"": ""그래서 밑에 사람들 대기하고 있는 거 보이시죠? 그리고 심지어 무료 탑승입니다. 무료 탑승. 요거 아이들 태워주면은 너무 좋아할 거예요. 여러분들도 오셔가지고 여기서 꼭 요거 타고 올라가시기 바랍니다. 그래서 제가 이 코스를 추천해 드리는 거예요.""}, {""id"": 13, ""speaker"": 1, ""start_time"": 188.248, ""confidence"": 0.98, ""text"": ""이게 줄을 되게 많이 섰는데 보다시피 이거 한 대가 왔다 갔다 하는 거라서 시간이 좀 걸리네요. 음, 기다려 보겠습니다. 남산 오르미 승강기 무료 탑승. 자, 이제 사람들이 타려고 들어가고 있습니다. 아우, 여기 오니까 뭐 외국말이 더 많이 들려요.""}, {""id"": 14, ""speaker"": 1, ""start_time"": 207.498, ""confidence"": 0.97, ""text"": ""자, 이렇게 보시면은 어우 이런 무슨 멋진 거 해놨네요. 남산 제 3호 터널 기념하려고 기념탑 같은 걸 이렇게 세워놨나 봐요. 오, 지금 보니까 여러분 이렇게 계단을 이렇게 올라가서 저쪽으로 이렇게 가지고 보이시죠? 사람들 다니는 거. 아, 저기 가는 길도 있군요. 음.""}, {""id"": 15, ""speaker"": 1, ""start_time"": 226.318, ""confidence"": 0.98, ""text"": ""그래도 저는 이거 타고 가보겠습니다. 자, 이렇게 남산 오르미가 요런 식으로 출발하는 거예요. 오. 뭔가 놀이기구처럼 생겼죠? 야, 이렇게 올라가는 겁니다.""}, {""id"": 16, ""speaker"": 1, ""start_time"": 240.158, ""confidence"": 0.98, ""text"": ""어, 무슨 이렇게 모양이 이렇게 딱 서 가지고 약간 불안해 보이기도 하는데 오, 잘 올라갑니다. 오르미 이용 안 냅니다. 음, 경사형 엘리베이터가 정신 명칭이네요. 매주 월요일은 1시까지만 운행을 중단하고 11시까지 합니다. 9시부터.""}, {""id"": 17, ""speaker"": 1, ""start_time"": 257.768, ""confidence"": 0.98, ""text"": ""레이터 왔습니다. 타보도록 할게요. 야, 오, 무슨 놀이기구 타는 거 같아. 자 이렇게 레일도 있고. 삼풍백화점 아니 삼풍 아파트도 보이고. 어, 여기 지금 타시려고 엄청 줄 서고 계세요.""}, {""id"": 18, ""speaker"": 1, ""start_time"": 273.888, ""confidence"": 0.96, ""text"": ""자, 문을 닫고 있는데 문이 안 닫혀요. 자, 드디어 출발을 했습니다. 이걸 타셔야 되는 거예요. 제가 그래서 일부러 이쪽으로 온 겁니다. 아우, 그냥 외국인들. 떠드는 소리로 다 들어옵니다.""}, {""id"": 19, ""speaker"": 1, ""start_time"": 289.158, ""confidence"": 0.97, ""text"": ""야, 보십시오 여러분, 롯데캐슬 쫙 보이고. 명동이 한눈에 싹 들어옵니다. 자, 이렇게도 올라가고. 아, 사람들 보십시오. 야. 날씨 진짜 좋다. 하늘이.""}, {""id"": 20, ""speaker"": 1, ""start_time"": 303.198, ""confidence"": 0.98, ""text"": ""남산 3호 터널입니다. 자, 보십시오. 이런 거 보려고 이렇게 타는 겁니다. 야. 자, 이렇게 옆에는 계단으로 내려가는 길도 있기 때문에 저쪽 길을 이용하셔도 돼요. 경사도가 생각보다 꽤 있어요. 보시면은.""}, {""id"": 21, ""speaker"": 1, ""start_time"": 319.628, ""confidence"": 0.98, ""text"": ""자, 이제 도착을 해서 내리도록 하겠습니다. 여기 외국인분들이 신나셨어요. 자, 이렇게 해서 내리면은 바로 여기 이제 케이블카 타는 매표소가 나와요. 그래서 여기서 케이블카를 타 가지고 이렇게 올라가시는 거. 너무 좋지 않습니까, 여러분? 이렇게 해서 남산 올라가시면 되는 겁니다.""}, {""id"": 22, ""speaker"": 1, ""start_time"": 338.228, ""confidence"": 0.97, ""text"": ""이야, 진짜 막 와 요만큼만 올라와도 엄청 올라온 거 같네. 야. 이제 여기가 남산 케이블카 타는 곳인데 여기가 케이블카 주차장이거든요. 여기 사람이 너무 많아요. 그래서 여기는 거의 주차를 못 한다고 보시면 되고. 자, 이쪽에서 케이블카를 타고 올라가 보도록 하겠습니다.""}, {""id"": 23, ""speaker"": 1, ""start_time"": 358.148, ""confidence"": 0.98, ""text"": ""야, 매표소를 무슨 이렇게 터널처럼 만들어 놨네. 요. 자, 여기 매표소에 왔는데 와, 웨이팅 40분이랍니다. 대박이에요, 지금. 아, 이거. 그리고 대인 편도는 13,000원, 대인 14,000원 그렇게 돼 있습니다.""}, {""id"": 24, ""speaker"": 1, ""start_time"": 377.348, ""confidence"": 0.95, ""text"": ""자, 안쪽은 이렇게 생겼는데 어우 뭐 이렇게 와 여기도 엄청 기다리고 계시는구나. 어. 자, 저리로 가야 되는데 가는 길이 험난하네요, 여러분. 40분.""}, {""id"": 25, ""speaker"": 1, ""start_time"": 392.818, ""confidence"": 0.97, ""text"": ""여러분, 그냥 걸어가기로 했습니다. 아이고, 힘들긴 하는데 야, 근데 너무 좋네요. 여기 길 사이길 돈가스 앞길인데 이 길이 어디냐면 자, 바로 여기 돈가스집 있던 그 집입니다. 여기 케이블카고 그 사이길로 가는 건데. 야, 이리로 한번 가보고 있습니다, 여러분.""}, {""id"": 26, ""speaker"": 1, ""start_time"": 410.398, ""confidence"": 0.98, ""text"": ""여러분들도 한번 그냥 쉬엄쉬엄 걸어보는 것도 나쁘지 않을 것 같네요. 컨디션 좋으시면. 어, 이렇게 걷다가 조금만 올라오니까 뭐야? 벌써 끝난 거야? 바로 평평한 길이 나옵니다, 여러분. 야, 뭐야 저기 폭포도 있고.""}, {""id"": 27, ""speaker"": 1, ""start_time"": 426.518, ""confidence"": 0.97, ""text"": ""어, 여기가 여긴데 현 구간이라고 돼 있는데 정확하게 표시가 안 돼 있네요. 야, 여기 무슨 정자 같은 것도 있습니다. 자, 여기는 목면산 호랭이라고 이렇게 돼 있는데 음식점인가 봐요. 야, 무슨 팥빙수 있는데 팥빙수 2만 5천 원. 야, 대박입니다.""}, {""id"": 28, ""speaker"": 1, ""start_time"": 445.528, ""confidence"": 0.98, ""text"": ""자, 비빔밥이랑 이런 거 파는데. 어, 생각보다 저렴합니다, 이거. 돈가스 먹느니 이거 먹는 게 낫겠어요. 만 원, 12,000원. 어, 다음엔 이걸 먹어야겠습니다. 와, 폭포 너무 시원합니다, 여러분. 야, 인공폭포 같은데. 야.""}, {""id"": 29, ""speaker"": 1, ""start_time"": 461.648, ""confidence"": 0.98, ""text"": ""자, 여기 목면산 호랑이 있는데 이쪽으로 가면은 이제 국립극장, 그리고 이리로 가시면은 이제 남산타워 가는 길입니다. 이쪽으로 가볼게요. 자, 여기 보시면 안내도가 있는데, 자 여기 있습니다. 현 위치. 여기서 아까 국립극장 반대쪽으로 갔으면은 이렇게 해서 국립극장으로 가는 거고 저기서 버스 타고 올라가도 되고 저는 이쪽으로 해서 걸어서 한번 올라가 보도록 하겠습니다.""}, {""id"": 30, ""speaker"": 1, ""start_time"": 486.518, ""confidence"": 0.98, ""text"": ""자, 요쪽 길로 해서 남산서울타워 한번 올라가 볼게요. 1.2km만 가면 되네요. 야, 그래도 돌계단 잘 해놨네요. 음. 야, 여기 나중에 비 오면은 물 엄청 많겠죠? 야. 이런 데 물 엄청 떨어질 것 같아요, 산에서.""}, {""id"": 31, ""speaker"": 1, ""start_time"": 503.138, ""confidence"": 0.98, ""text"": ""이 길로 와도 결국은 지난번에 왔던 그 남산도서관 옆길로 이어지네요. 자, 이리로 해서 계속 가보겠습니다. 야, 그래도 여러분, 역시 산 하면 남산 아니겠습니까? 전망 이 시티뷰 전망이 장난이 아니에요. 와.""}, {""id"": 32, ""speaker"": 1, ""start_time"": 517.478, ""confidence"": 0.97, ""text"": ""자 여기가 잠두봉 포토 아일랜드 북쪽 지점이랍니다. 야, 이런 뷰가 펼쳐지는 남산. 아, 오늘 날씨가 너무 좋아 가지고 저쪽 김포까지도 엄청 잘 보이네요. 오. 드디어 내려가는 길. 자, 드디어 여기 매표소까지 왔습니다. 와.""}, {""id"": 33, ""speaker"": 1, ""start_time"": 536.558, ""confidence"": 0.98, ""text"": ""힘드네요. 그래도 계단 이용해서 가시는 분들도 많고 내려가시는 분들도 많네요. 야. 매표소 계속 올라가 보겠습니다.""}, {""id"": 34, ""speaker"": 1, ""start_time"": 548.248, ""confidence"": 0.97, ""text"": ""자, 이리로 오니까 뭡니까 이거. 예반 남산 돈까스 파는 데도 있고 TT 떡볶이? 어 이런 것도 팔고. 아 여기도 돈까스를 이렇게 파는 데가 있구나. 어 여기서 먹어 볼걸. 오, 뭐 이런 데가 있습니다.""}, {""id"": 35, ""speaker"": 1, ""start_time"": 565.398, ""confidence"": 0.97, ""text"": ""안에가 궁금하긴 한데. 야, 전망 엄청 좋다 저쪽에. 장난 아니네. 야. 자, 이번에는 요쪽 계단에 야, 역시 남산의 상징인 이 자물쇠. 이거를 한 번씩 수거를 해서 버린다고 하는데도 엄청 많죠?""}, {""id"": 36, ""speaker"": 1, ""start_time"": 580.228, ""confidence"": 0.98, ""text"": ""여기도 보십시오. 엄청납니다. 야, 이렇게 해서 올라오면은 짠, 이제 이쪽이 남산입니다. 진짜 많아졌네. 야, 열쇠에다가 열쇠를 걸고 걸고 걸고. 핸드폰 케이스도 걸고.""}, {""id"": 37, ""speaker"": 1, ""start_time"": 595.628, ""confidence"": 0.96, ""text"": ""장난 아닙니다. 얘 아 이걸 좀 딴지 아닙니까, 이거? 케이스, 주머니. 아이고. 야, 엄청납니다. 아, 공인중개사 합격하셨나 모르겠네, 이분. 야.""}, {""id"": 38, ""speaker"": 1, ""start_time"": 608.718, ""confidence"": 0.98, ""text"": ""자, 이렇게 해서 야, 서울도 다 보입니다. 이쪽은 약간 북쪽인 거 같은데. 자, 이렇게 보시면 서울까지 오늘 날씨가 너무 좋아 가지고 잘 보이네요.""}, {""id"": 39, ""speaker"": 1, ""start_time"": 621.288, ""confidence"": 0.98, ""text"": ""가는 길도 장난 아닙니다. 보십시오. 자물쇠 길입니다. 자물쇠 길. 오, 어 저쪽에 뭐가 이렇게 또 시끌시끌하네. 자, N서울타워 125m 이제 얼마 안 남았습니다.""}, {""id"": 40, ""speaker"": 1, ""start_time"": 635.288, ""confidence"": 0.97, ""text"": ""자, 서울타워 드디어 왔는데 저쪽에서 공연하고 난리도 아닙니다, 여러분. 사람들 모여 가지고. 자, 버스킹 하나 봐요. 짠, 이게 바로 남산타워. 공연장으로 가볼게요.""}, {""id"": 41, ""speaker"": 1, ""start_time"": 649.158, ""confidence"": 0.94, ""text"": ""자, 이렇게 공연하고 있어요. 자, 백석예술대학교에서 왔답니다. 너무 좋아요. 자, 저희가 마지막으로 공연을 하면서 갑자기 선물을 주기 시작했어요, 지금. 어, 선물 타임.""}, {""id"": 42, ""speaker"": 1, ""start_time"": 684.668, ""confidence"": 0.97, ""text"": ""자, 이렇게 보시면은 요런 식으로 또 길 이어져 있고요. 어, 자물쇠 열쇠 보관함도 있구나. 열쇠를 여기다 보관하면 뭐 나중에 여나? 그건 아닌 거 같고. 야, 여기도 이렇게 길이 있었군요. 와, 사람들 오늘 날 풀리고 해가지고 엄청 많네요.""}, {""id"": 43, ""speaker"": 1, ""start_time"": 704.228, ""confidence"": 0.97, ""text"": ""외국인들은 뭐 거의 뭐 어우 뭐 다 벗고 오셨네. 자, 이렇게 있고 자, 이렇게 남산타워 밑으로 해 가지고 전망대 이렇게 보러 오십시오. 오늘 바람 많이 붑니다.""}, {""id"": 44, ""speaker"": 1, ""start_time"": 715.928, ""confidence"": 0.95, ""text"": ""남산타워가 옛날에 TV, 이게 송신하는 그런 거였는데 와, 바람 엄청 붑니다, 바람. 이쪽으로 이제 한강도 보이고. 와. 야, 멋집니다, 여러분. 저쪽에 이제 남쪽, 하얏트 호텔이 있고, 저 건너편에는 이제, 오, 반포 쪽인가 보다. 그렇죠? 저쪽은 잠실이고. 이야.""}, {""id"": 45, ""speaker"": 1, ""start_time"": 738.228, ""confidence"": 0.98, ""text"": ""자, 또 밑으로 내려가는 길이 있네요. 여기 이제 스타벅스 있어서 여기서 스타벅스 한 잔 또 먹어보도록 하겠습니다. 어우 제일 제면소도 있고 팥빙수 9,000원. 이쪽에 무슨 마카롱 같은 것도 파나 봅니다.""}, {""id"": 46, ""speaker"": 1, ""start_time"": 751.818, ""confidence"": 0.98, ""text"": ""자, 여기 보시면은 N버거도 있고, 추러스 파는 데도 있고. 밑으로 내려오시면은 되는데 어우, 뭔 낙서를 이렇게 많이 했어? 오. 자, 남산서울타워 보시면은 4층에 이런 거 있고 2층에는 돈까스도 팔고 1층에 스벅 있습니다. 공차도 있고요.""}, {""id"": 47, ""speaker"": 1, ""start_time"": 768.658, ""confidence"": 0.97, ""text"": ""자, 이렇게 또 나오시면은 아우 좀 찾는 게 헷갈리네요. 이게 생각보다 층이 높구나. 자, 뭐 이렇게 뭐 부엉이 같은 것도 이렇게 해놨고. 자, 엘리베이터를 타고 내려가겠습니다.""}, {""id"": 48, ""speaker"": 1, ""start_time"": 782.128, ""confidence"": 0.98, ""text"": ""이제 1층으로 왔더니만 음, 스타벅스, 공차, GS25, 자 이렇게 있습니다. 자, 이렇게 안에 보시면 여기 스벅이 인기가 엄청 많아요. 자리도 거의 없고. 얘가 좋은 점이 스벅에서 먹고 저기 야외를 보면서 먹을 수 있는 또 그런 또 뷰가 또 뷰 맛집 아니겠습니까?""}, {""id"": 49, ""speaker"": 1, ""start_time"": 802.648, ""confidence"": 0.98, ""text"": ""요건 뭐야? 캐릭터 귀엽게 생겼네. 팜마트. 자, 여기 또 터널 같은 거, 올레드 터널이라고 써 있네요. 야, 이렇게 올레드 이런 브라운관, 아 브라운관이란다. 브라운관이 언제 쪽이야. 여기 OLED로 이렇게 만들었나 봅니다. 야, 역시 디스플레이는 LG 아니겠습니까?""}, {""id"": 50, ""speaker"": 1, ""start_time"": 822.868, ""confidence"": 0.98, ""text"": ""자, 그리고 여기 보시면은 이렇게 팬더 있잖아요. 여기가 이제 자전거 타고 오시는 분들의 인증샷 코스. 이쪽에서 자전거 타고 오셔서 여기서 사진 많이 찍으시더라고요. 자, 이렇게 여기까지 이렇게 올라오는 길이 있나 봅니다.""}, {""id"": 51, ""speaker"": 1, ""start_time"": 837.798, ""confidence"": 0.97, ""text"": ""여기가 정식 명칭이 서울타워 플라자네요. 자, 여기서부터 1층부터 4층까지 이렇게 프라자로 돼 있는 거고, 위에 저렇게 남산타워가 있는 겁니다. 서울타워가 69년도에 기공을 해가지고 75년도에 준공이 됐는데, 아 지금 보니까는 YTN에서 인수를 했다 그러네요. YTN 건가 이제? 오, YTN.""}, {""id"": 52, ""speaker"": 1, ""start_time"": 861.558, ""confidence"": 0.98, ""text"": ""자, 이렇게 오시면은 이런 뷰를 보면서 커피를 마실 수 있는 겁니다. 그러면 여기 남산타워 와 가지고 스타벅스 아이스 아메리카노 하나 먹고 있는데 장사 엄청 잘 되네요. 와, 사람들 막 쉴새없이 나옵니다, 여기.""}, {""id"": 53, ""speaker"": 1, ""start_time"": 876.448, ""confidence"": 0.98, ""text"": ""여기서 사서 안쪽에서 드셔도 되는데 저 밖에서 구경하면서 이렇게 보시는 거 추천해 드리겠습니다. 자, 이렇게 스벅에서 나오시면 짠, 이런 뷰가 펼쳐지는 게 여기가 바로 남산의 매력입니다, 여러분. 야.""}, {""id"": 54, ""speaker"": 1, ""start_time"": 895.108, ""confidence"": 0.97, ""text"": ""자 이렇게 사진도 찍고 계시고. 저쪽이 포토존인가 봐요. 아까부터 저기서 엄청 찍고 계시더라고. 짠 이렇게. 아이고. 아, 옆에 보니까는 이런 스트릿 핫도그, 핫도그 가게도 있었구나. 오, 이런 것도 있고. 공차도 있었던 거 같은데.""}, {""id"": 55, ""speaker"": 1, ""start_time"": 913.178, ""confidence"": 0.98, ""text"": ""자, 이렇게 또 핫도그 가게를 지나서 또 뭐가 있는지 한번 보도록 하겠습니다. 오, 이게 뭐야, 이거. 고래다, 고래. 우 to the 영 to the 우. 고래도 있고. LG에서 이렇게 해놨나 보구나. 그리고 얼짱 포토 스튜디오도 있고.""}, {""id"": 56, ""speaker"": 1, ""start_time"": 929.268, ""confidence"": 0.98, ""text"": ""아, 공차는 여기에 이렇게 있습니다. 음. 오, 그리고 백석예술대학교 뭐 홍보하는 게 아예 여기 있군요. 음. 그리고 여기 뭘 준비하고 있고. 자, 여기 무슨 라운지 공간도 있네. 아, 이런 데서 이렇게 먹을 수도 있구나. 음.""}, {""id"": 57, ""speaker"": 1, ""start_time"": 947.498, ""confidence"": 0.97, ""text"": ""그리고 이쪽에는 이렇게 GS25까지. 애기들이 많이 오니까 이런 장난감 같은 거를 많이 갖다 놨네. 여기가 이름이 올레드 파노라마랍니다. 48장으로 만들었대요. 와, 압도적 화질을 볼 수 있답니다. 오, 확실히 화질이 좋긴 좋다.""}, {""id"": 58, ""speaker"": 1, ""start_time"": 965.958, ""confidence"": 0.98, ""text"": ""자, 이제 5층에 오시면은 투썸플레이스 있고요. 자, 투썸도 지금 보니까 투썸도 나름 전망이 있네요. 이렇게 뷰가 좀 있는 투썸입니다. 오, 여기서 이렇게 보면서 드시면 되겠네. 자, 요쪽에는 이렇게 선물 가게도 있고 여기가 전망대 입구입니다. 여기서 보시면 되는 거예요.""}, {""id"": 59, ""speaker"": 1, ""start_time"": 985.228, ""confidence"": 0.96, ""text"": ""오, 이런 모나미에서 3만 원짜리, 아 티켓이랑 볼펜이랑 세트로 이렇게 파는 거구나. 오. 야, 요즘 이거 유행인 거 아시죠, 여러분? 솜사탕 가게, 아니 솜사탕 기계가 이렇게 있습니다. 6,000원이야, 엄청 비쌌구나. 여기서 이렇게 실제로 만들어 줍니다, 로보트가.""}, {""id"": 60, ""speaker"": 1, ""start_time"": 1003.248, ""confidence"": 0.98, ""text"": ""야, 이제 솜사탕 아저씨들도 일거리를 잃었어요. 자, 5층에서 아까 공연하더니 지금은 이제 조용합니다. 그래도 사람들 많네요, 아직까지. 자, 이렇게 남산타워. 서울타워죠, 정확히. 여러분도 놀러 오십시오.""}, {""id"": 61, ""speaker"": 1, ""start_time"": 1020.728, ""confidence"": 0.98, ""text"": ""멀리서만 이렇게 보지 말고 직접 오셔가지고 보는 맛이 있습니다. 이제 이 서울타워가 그냥 뭐 타워의 개념이 아니라 이런 식으로 먹거리랑 볼거리 이런 것도 해놓고 있으니까. 이렇게 보시면 되겠습니다.""}, {""id"": 62, ""speaker"": 1, ""start_time"": 1037.108, ""confidence"": 0.97, ""text"": ""여기 올라오니까는 진짜 외국인 많네요. 여기가 필수 코스긴 하겠지만 외국인들 너무 많고 그다음에 저 정자 유명하지 않습니까, 또? 무한도전에서 저쪽에서 막 수시로 막 모이고 그랬었는데. 자, 어 여기 갑자기 막 춤을 추기 시작합니다, 여러분. 어, 쇼츠 찍으시나 보다, 쇼츠.""}, {""id"": 63, ""speaker"": 1, ""start_time"": 1057.378, ""confidence"": 0.98, ""text"": ""이야. 여기 오니까 재밌는 거 많네. 외국인들 같은데. 자, 여기도 이렇게 앉아 가지고. 아. 진짜 좋습니다, 여러분. 날씨도 좋고. 자, 이렇게 해 가지고 서울 타워 한번 오시기 바라겠습니다. 집방탈.""}, {""id"": 64, ""speaker"": 1, ""start_time"": 1078.704, ""confidence"": 0.96, ""text"": ""어, 다시 시작됐습니다, 여러분. 자, 길거리 우리의 3인의 댄서가 길에서 멋지게 춤을 추고 있습니다. 아, 엔조이 엔조이. 자, 다시 춤을 추기 시작했습니다.""}, {""id"": 65, ""speaker"": 1, ""start_time"": 1091.534, ""confidence"": 0.93, ""text"": ""아우. 뭔가 발재간이 멋집니다. 오, 웨이브까지. 아!""}, {""id"": 66, ""speaker"": 1, ""start_time"": 1111.117, ""confidence"": 0.97, ""text"": ""여기 보시면은 이쪽은 이제 북쪽인데 야, 이거 북쪽도 개방감이 장난이 아니네요. 여기를 되게 멋지게 잘해놨습니다. 야. 보시면은 뻥 뚫린 게 장난이 아닙니다. 야, 저쪽 북한산 쪽으로. 확실히 우리나라가 산이 엄청 많네요.""}, {""id"": 67, ""speaker"": 1, ""start_time"": 1130.317, ""confidence"": 0.96, ""text"": ""제가 남쪽은 좀 지형을 아는데 북쪽은 잘 모르겠네. 저쪽에 동대문인가? 동대문 안 보이는 거 같고. 여기는 명동 쪽, 충무로 쪽인 거 같은데. 종로. 오, 오. 여러분들도 여기 오셔서 집 한번 찾아보십시오. 살고 있는 집.""}, {""id"": 68, ""speaker"": 1, ""start_time"": 1150.377, ""confidence"": 0.98, ""text"": ""이제 남산타워 보시고서 이렇게 내려오시면은 저 밑에 이제 버스 타는 데가 있어요. 거기서 이제 버스를 타시고서 이제 뭐 다시 동대문이나 이런 쪽으로 가시면 되는 겁니다. 여러분들 남산 한번 놀러오십시오. 집방탈.""}, {""id"": 69, ""speaker"": 1, ""start_time"": 1167.547, ""confidence"": 0.98, ""text"": ""여기 보니까 여러분, 이 버스 타시려고 줄 엄청 서셨네요. 이게 뭔가 했더니 버스 줄이었습니다. 여기서 버스 타고 가시는 겁니다.""}, {""id"": 70, ""speaker"": 1, ""start_time"": 1176.977, ""confidence"": 0.97, ""text"": ""자, 이렇게 버스를 타고서 복귀를 하고 있습니다. 여기 자전거도 다니는 길인데 위험합니다. 자전거 타실 때 조심하세요. 여기 사람들도 많고 해가지고 조심히 하셔야 됩니다.""}, {""id"": 71, ""speaker"": 1, ""start_time"": 1190.887, ""confidence"": 0.99, ""text"": ""집방탈!""}]",gemini,2025-10-24 15:55:01,직방탈,39347.0,2023-06-08,,0.0
https://youtu.be/Tzq4SY2sGEs?si=N_6YvtvxptNMr59N,Tzq4SY2sGEs,"갤럭시S26 울트라, ”삼성 칩 탑재 어렵다“ 2nm 수율 50% 아니다? | 퀄컴 압도적인 CPU 성능 격차 | 초도물량 15,000장 의미",,"mp3\갤럭시S26 울트라, ”삼성 칩 탑재 어렵다“ 2nm 수율 50% 아니다？ ｜ 퀄컴 압도적-Tzq4SY2sGEs.mp3","[{""id"": 0, ""speaker"": 1, ""start_time"": 0.152, ""confidence"": 0.96, ""text"": ""아니 이 초도 물량도 1.5만 저게 사실이라고 하면은 아무래도 울트라까지 다 들어가기에도 쉽지 않고 무려 일반 모델에도 다 탑재하기도 어렵지 않을까라는 의견을""}, {""id"": 1, ""speaker"": 1, ""start_time"": 12.155, ""confidence"": 0.98, ""text"": ""네, 여러분 반갑습니다. LA입니다. 삼성의 AP 엑시노스 2600이 성능이 GPU와 MPU에서 애플의 성능을 압도하면서 아마도 갤럭시 S26 전 라인업에 들어간다라는 얘기가 있어서 그 팁스터분의 내용들을 좀 분석을 하고 이게 만약에 실현이 되는 경우에 어떻게 될지를 말씀을 드렸는데요.""}, {""id"": 2, ""speaker"": 1, ""start_time"": 34.025, ""confidence"": 0.98, ""text"": ""그 영상을 올리고 나서 많은 분들이 관심을 가져 주셨는데 그 사이에 또 새로운 소식이 나와서 말씀드리려고 합니다. 바로 이거죠. 엑스노스 2600이 갤럭시 S26 모델 전체에 들어가기에는 아직 프리머처 됐다, 아직 덜 성숙했다, 수율이 충분히 안 나온다, 아니면 성능이 잘 안 나온다 이런 얘기를 하는 거죠.""}, {""id"": 3, ""speaker"": 1, ""start_time"": 51.045, ""confidence"": 0.97, ""text"": ""그러면서 이니셜 프로덕션, 우리가 흔히 이제 초도 물량이라고 하는데 웨이퍼의 개수가 15,000개가 되는데 이것 때문에 아마 안 될 것 같다. 1,500개의 웨이퍼에 대한 거는 푸어 일드, 그러니까 수율이 잘 안 나오기 때문이다 이런 얘기를 하고 있는 거죠.""}, {""id"": 4, ""speaker"": 1, ""start_time"": 66.055, ""confidence"": 0.98, ""text"": ""그런데 똑같은 내용인데 국내에서는 엑시노스 2600 초도 물량 1.5만 해 가지고 굉장히 긍정적으로 얘기를 하고 있습니다. 이렇게 이제 사람들의 시선이 다른 거죠.""}, {""id"": 5, ""speaker"": 1, ""start_time"": 73.585, ""confidence"": 0.97, ""text"": ""그리고 우리나라 언론들이 또 얘기를 하는 것들이 다르고 이런 내용들인데 왜 이 초도 물량 15,000개가 전체 라인업에 들어갈 수 없을 정도인지, 있을 정도인지를 기술적으로 한번 제가 분석을 해서 보여 드릴 거고""}, {""id"": 6, ""speaker"": 1, ""start_time"": 88.255, ""confidence"": 0.97, ""text"": ""최근에 엑시노스 2600과 스냅드래곤 8 엘리트 젠 5의 CPU 성능 벤치마크도 같이 나왔는데 아직 엑시노스 2600이 퀄컴보다 훨씬 더 떨어지는 부분들이 있거든요.""}, {""id"": 7, ""speaker"": 1, ""start_time"": 100.025, ""confidence"": 0.96, ""text"": ""여러 가지 정황상 현재로서는, 현재로서는 이 초도 물량도 1.5만 저게 사실이라고 하면은 아무래도 울트라까지 다 들어가기에도 쉽지 않고 무려 일반 모델에도 다 탑재하기도 어렵지 않을까라는 의견을 왜 가지게 됐는지를 조심스럽게 요 나온 내용들을 토대로 해서 좀 설명을 드리도록 하겠습니다.""}, {""id"": 8, ""speaker"": 1, ""start_time"": 117.435, ""confidence"": 0.98, ""text"": ""우선 가장 최근에 나온 벤 긱벤치 결과를 좀 보면요. 일단 CPU 스코어에서 아무래도 스냅드래곤 8 엘리트 젠 5가 오라이온 CPU를 제대로 잘 설계했고 성능을 엄청나게 끌어 올렸잖아요.""}, {""id"": 9, ""speaker"": 1, ""start_time"": 129.595, ""confidence"": 0.97, ""text"": ""제가 얼마 전에 하와이 가서도 말씀을 드렸다시피 사실 엑시노스랑 비교를 할 게 아니라 그냥 애플을 포함한 모든 AP를 다 봤을 때에 엄청난 성능을 지금 내고 있는 상황이기 때문에 이거는 갤럭시 S26 울트라에 들어갈 수밖에 없다라고 그때 판단으로 말씀을 드렸는데요.""}, {""id"": 10, ""speaker"": 1, ""start_time"": 146.675, ""confidence"": 0.98, ""text"": ""지금도 최근에 나온 긱벤치 결과인데 이게 사실이라고 하면은 보십시오. 엑시노스 2600이 싱글이 3,000점입니다. 그리고 스냅드래곤 8 엘리트, 그러니까 S25 올해 일어에 나왔던 전 모델의 3,100점이니까 그 수준의 싱글 코어 성적이 아직 못 미치는 걸 보실 수가 있죠.""}, {""id"": 11, ""speaker"": 1, ""start_time"": 165.495, ""confidence"": 0.97, ""text"": ""그리고 멀티코어는 비슷하게 맞췄다라고 보시면 되는데 이번에 나온 스냅드래곤 8 엘리트 젠 5, 그러니까 S26 울트라에 탑재될 것으로 강력하게 추정되는 고 같은 경우에는 이 엑시노스 2600과 비교해 봤을 때 싱글 코어 점수가 일단 너무 많이 차이가 나요. 20% 정도 차이가 나고 멀티코드 10% 정도 차이가 나니까""}, {""id"": 12, ""speaker"": 1, ""start_time"": 183.225, ""confidence"": 0.98, ""text"": ""야, 이거는 일단 CPU 기준으로는 아, 이거를 과연 울트라에 넣을 수 있을까 하는 생각이 일단 들죠.""}, {""id"": 13, ""speaker"": 1, ""start_time"": 191.425, ""confidence"": 0.97, ""text"": ""물론 아무리 GPU와 MPU 성능이 좋아졌다 한들 국내에는 울트라는 여기 엑시노스 2600을 넣고 했을 때에 굉장히 많은 사람들이 또 스냅드래곤 안 넣어줬다고 CPU 좋은 게 있는데 왜 더 성능이 안 좋은 걸 넣어줬냐 이러한 얘기가 많이 나올 수도 있어요.""}, {""id"": 14, ""speaker"": 1, ""start_time"": 207.235, ""confidence"": 0.97, ""text"": ""그리고 재밌는 게 여기도 나와 있다시피 엑시노스 2600의 클럭을 프리퀀시를 줄였다라고 했어요. 베이스 클럭 이렇게 낮췄는데 이게 왜 클럭을 낮췄냐라는 거를 두 가지 시선으로 볼 수 있죠. 아직 정확한 점수를 공개하기 싫어서 낮춰서 얘기를 할 수도 있지만""}, {""id"": 15, ""speaker"": 1, ""start_time"": 221.885, ""confidence"": 0.96, ""text"": ""대부분의 긱벤치 결과에 유출되는 거 보면은 클럭을 낮추는 경우는 공정이 그만큼 못 따라가서죠. 혹은 설계가 좀 잘못됐다거나 클럭을 너무 높이면은 그 정도의 성능이 안 나오거나 좀 동작을 잘 안 하기 때문에 클럭을 낮추는 경우가 많다라는 겁니다. 그게 사실이 아니라.""}, {""id"": 16, ""speaker"": 1, ""start_time"": 236.565, ""confidence"": 0.97, ""text"": ""그래서 이 정도까지가 아직 뭐 수율 문제라든가 이런 것들랑 결부해 가지고 좀 잘 안 나오지 않았을까라고 생각할 수 있는 부분들이 있는데 요건 좀 지켜봐야겠죠. 어쨌든 점수 상으로도 CPU 점수로는 컬컴이 지금 압도를 하고 있는 상황이기 때문에 어, 이 점수를 봤을 때 과연 엑시노스가 울트라까지 들어갈 수 있을까라는 생각은 일단 하게 되죠.""}, {""id"": 17, ""speaker"": 1, ""start_time"": 255.835, ""confidence"": 0.98, ""text"": ""그런 상황에서 이 15,000개의 웨이퍼라고 하는데 이 물량이 어느 정도 되는지를 역으로 우리가 칩이 몇 개나 나오는지를 판단할 수가 있어요.""}, {""id"": 18, ""speaker"": 1, ""start_time"": 265.215, ""confidence"": 0.97, ""text"": ""최근에 세미 어날리시스에서 이거 한번 더 업데이트 했죠. 원래 있는 이 일드 캘큘레이터, 수율 계산기인데 여기 다이 사이즈를 입력하고 여러 가지 레티클 리밋이라든가 여러 가지 입력을 하고 나서 디펙트 유를 넣어 가지고 모델을 설정해서 하면은 실질적으로 한 웨이퍼에 나올 수 있는 칩 개수가 나오거든요.""}, {""id"": 19, ""speaker"": 1, ""start_time"": 284.545, ""confidence"": 0.97, ""text"": ""지금 엑시노스 2600의 사이즈가 얼마인지 모르겠지만 12개의 12개라고 넣었잖아요. 12, 12라고 넣은 이유는 제가 노트북 책에서 찾았는데 엑시노스 2,400까지의 사이즈를 좀 보니까 2,400이 한 140 제곱mm 정도 되더라고요. 그래서 한 140, 150 정도로 또 엑시노스 칩이 점점점 커져 왔거든요.""}, {""id"": 20, ""speaker"": 1, ""start_time"": 303.845, ""confidence"": 0.98, ""text"": ""그래서 2,500, 2,600에서 좀 더 커질 거다라고 생각해서 12, 12 하면은 144니까 대충 사이즈를 맞출 수 있겠죠.""}, {""id"": 21, ""speaker"": 1, ""start_time"": 310.145, ""confidence"": 0.96, ""text"": ""그런 관점에서 12 12를 넣고 기본적으로 이 스크라이빙 하는 라인이라든가 이런 것들은 기본적으로 옵티마이즈를 해서 어 엣지에 있는 것들 보통 이게 12인치 웨이퍼를 써줘. 300mm짜리. 대략자로 보는 거니까 이렇게 한 다음에 디펙트 레이시오를 넣었어요.""}, {""id"": 22, ""speaker"": 1, ""start_time"": 324.735, ""confidence"": 0.96, ""text"": ""지금 업계에서 나오는 말이 3, 40%인데 50%다라는 말도 있고 제 개인적인 생각으로는 좀 큰 칩 사이즈 기준으로는 3, 40%밖에 안 나오는데 이 칩 사이즈가 작아지면은 수율이 더 올라가거든요. 그 좀 이따 보여 드릴게요. 그렇게 돼서 한 4, 50%를 얘기하는 것이 아닌가 해서 45%라고 생각하고 0.5를 입력하여서 딱 했더니""}, {""id"": 23, ""speaker"": 1, ""start_time"": 343.295, ""confidence"": 0.97, ""text"": ""한 웨이퍼에 지금 나오는 게 보세요. 한 웨이퍼에 이렇게 나오는 것 중에서 빨간색 부분이 이제 불량품이고 양품으로 나올 수 있는 엑시노스 2600이 한 200개 정도 된다라고 생각을 하시면 돼요.""}, {""id"": 24, ""speaker"": 1, ""start_time"": 353.745, ""confidence"": 0.98, ""text"": ""자, 200개죠. 웨이퍼 한 개당 200개 정도 나오니까 15,000개라고 하면은 200 * 15,000 하면은 300만 개입니다.""}, {""id"": 25, ""speaker"": 1, ""start_time"": 361.545, ""confidence"": 0.97, ""text"": ""15만 개의 웨이퍼에서 나올 수 있는 그리고 사실 수율도 45%면 좀 높게 쳐 준 거죠. 이렇게 됐을 때에 300만 개를 엑시노스 2600이 나온다. 그 말은 뭡니까? 300만 개의 갤럭시의 탑재될 수 있다는 얘기를 하는 거죠.""}, {""id"": 26, ""speaker"": 1, ""start_time"": 376.325, ""confidence"": 0.98, ""text"": ""그래서 제가 궁금해서 이전 모델들은 처음에 생산할 때 얼마나 많이 팔렸냐를 좀 봤는데.""}, {""id"": 27, ""speaker"": 1, ""start_time"": 381.555, ""confidence"": 0.97, ""text"": ""야, 하나 증권 증권사 애널리스트에서 이쪽에 분석을 해 주신 분이 있더라고요. 요 애널리스트 분께서 이렇게 했는데 자, 전체적으로 판매량을 봤을 때 갤럭시 S25 시리즈, 그러니까 가장 하이엔드급으로 들어갔던 스냅드래곤 8 엘리트 칩이 들어갔었죠.""}, {""id"": 28, ""speaker"": 1, ""start_time"": 396.435, ""confidence"": 0.96, ""text"": ""사실 갤럭시 S25가 굉장히 잘 팔렸죠. 그때 이런 얘기 했었죠. 잘 팔리지만 아, 이게 전 라인업에 스냅드래곤이 들어가서 사람들이 뭘 사더라도 좋은 성능을 얻을 수 있으니까 많이 샀다, 뭐 이런 얘기들이 많이 있었잖아요. 이 첫 달 판매량 기준으로 456만 대입니다.""}, {""id"": 29, ""speaker"": 1, ""start_time"": 410.855, ""confidence"": 0.97, ""text"": ""울트라가 굉장히 많이 팔렸는데 S24 같은 경우에는 142만 대죠. 이때 굉장히 많이 팔렸잖아요. 네, 원래 S25가 또 잘 팔리면은 그 다음 해는 좀 약간 안 팔리는 경우도 있고 막 이렇게 되는데""}, {""id"": 30, ""speaker"": 1, ""start_time"": 422.495, ""confidence"": 0.98, ""text"": ""어쨌든 전체 라인업에 들어가려면은 작년 기준으로는 450만 대 정도는 칩이 초도 물량으로 나와야 되는데 그게 지금 안 된다라는 거죠. 300만 되면은.""}, {""id"": 31, ""speaker"": 1, ""start_time"": 430.825, ""confidence"": 0.97, ""text"": ""그리고 이 300만 대라고 하는 것도 지금 수율을 한 45%로 후하게 쳐서 한 거기 때문에 이건 첫 달 판매량만 지금 450만 되잖아요. 그러면 450만 개만 칩을 찍어 내겠습니까? 훨씬 더 충분히 초도 물량을 많이 찍어 놔야지만이 늘어갈 수 있는 건데 그게 지금 안 될 거다라고 하는 것들이 업계 전문가들의 시선이라는 거죠.""}, {""id"": 32, ""speaker"": 1, ""start_time"": 449.135, ""confidence"": 0.96, ""text"": ""저도 그렇게 그러니까 납득이 되는데 물론 이렇게 지금 적게 팔릴 때도 있으니까 여기에 맞춰서 할 수 있는 거 아니냐라는 논리를 펼칠 수 있지만 그러기에는 조금 너무 부족한 초도 물량이지 아니니까 싶고 그 초도 물량이 많이 나올 수 없는 이유가 웨이퍼가 15,000당으로 한정돼 있는 거, 이게 펩이 모자라서 그럴 수도 있고 충분히 수율이 안 나오니까 충분히 수율이 올라갈 때까지 기다리는 것도 있겠죠.""}, {""id"": 33, ""speaker"": 1, ""start_time"": 470.045, ""confidence"": 0.97, ""text"": ""더군다나 지금 퀄컴의 스냅드래곤 8 엘리트 젠 5도 삼성의 2나노에 들어갈 수 있다면서 뭐 샘플 테스트를 한다고 하지만 이것도 전문가들이 좀 이렇게 회의적으로 보고 있는 이유가""}, {""id"": 34, ""speaker"": 1, ""start_time"": 481.285, ""confidence"": 0.98, ""text"": ""제가 늘 말씀드리지만 삼성 2나노랑 TSMC 2나노는 서로 다르다고 했죠. 그 2나노라고 하는 거는 명칭일 뿐인지 실제 이 밀도라든가 PPA라 같은 것들이 똑같다라는 말이 아닙니다.""}, {""id"": 35, ""speaker"": 1, ""start_time"": 492.155, ""confidence"": 0.97, ""text"": ""일반적으로 TSMC 3나노의 실제 성능이랑 덴시티가 삼성의 2나노 정도 되지 않을까라고 추정을 하고 있죠. 인텔의 18 옴스트롱도 그렇고. 근데 지금 2나노가 수율이 잘 안 나올 것 같은 게 예를 들어 이거를 조금만 늘려 볼게요.""}, {""id"": 36, ""speaker"": 1, ""start_time"": 503.445, ""confidence"": 0.97, ""text"": ""제가 20, 20이라고 하면은 칩이 한 개당 커지죠. 아, 똑같은 디펙트 레이저 0.5 그러니까 수율이 45% 나온다라고 하더라도 이렇게 칩 사이즈가 커져 버리면은 보세요. 총 144개 중에서 굿따이라고 하는 게 24개밖에 안 나옵니다.""}, {""id"": 37, ""speaker"": 1, ""start_time"": 516.975, ""confidence"": 0.98, ""text"": ""이게 왜 그러느냐? 칩 한 개가 크다 보니까 이 위에 파티클이 하나 딱 얹어졌을 때에 버려야 되는 불량품의 크기가 커져서 더 많이 버려야 한다는 거죠.""}, {""id"": 38, ""speaker"": 1, ""start_time"": 525.555, ""confidence"": 0.98, ""text"": ""근데 똑같은 건데, 똑같은 불량률인데 제가 12, 12로 하면은 더 작아지면서 수율이 거의 50% 가까이 45%까지 올라오는 거 보이시죠?""}, {""id"": 39, ""speaker"": 1, ""start_time"": 534.145, ""confidence"": 0.96, ""text"": ""그러니까 최근에 2나노 공정이 뭐 수율이 30%가 된다라고 했다가 갑자기 또 40%, 50% 올라왔다면서 언론에서 많이 얘기가 되고 있는데 이게 엑시노스를 실제로 하면서 칩 사이즈가 작아졌기 때문에 이게 좀 수율이 올라가지 않았을까 이런 추정도 할 수 있어요.""}, {""id"": 40, ""speaker"": 1, ""start_time"": 549.355, ""confidence"": 0.97, ""text"": ""이게 그게 사실이라는 게 아니라 공정 자체가 뭔가 잘 개선이 돼서 올라왔을 수도 있지만 그런 부분도 있겠지만 칩 사이즈 자체가 작은 걸 다루다 보니까 그럴 수 있다라는 거죠.""}, {""id"": 41, ""speaker"": 1, ""start_time"": 558.295, ""confidence"": 0.98, ""text"": ""그리고 최근에 이런 소식도 있었죠. 엑시노스 2600이 모뎀을 뺀다. 이 나노 디자인에서. 이건 무슨 얘기입니까? 칩 사이즈를 더 줄이겠다는 겁니다.""}, {""id"": 42, ""speaker"": 1, ""start_time"": 567.035, ""confidence"": 0.97, ""text"": ""칩 사이즈를 줄이면 그만큼 수율을 많이 올릴 수 있으니까 더 많이 생산할 수가 있겠죠. 그래서 아마 모뎀을 빼고 따로 탑재를 하는 이유도 그런 부분에 있지 않을까.""}, {""id"": 43, ""speaker"": 1, ""start_time"": 574.725, ""confidence"": 0.96, ""text"": ""반면에 퀄컴 같은 경우에는 모델까지 다 포함된 상태로 다 들어가니까 상대적으로 엑시노스보다 똑같이 삼성 2나노로 돌렸으면은 좀 안 나오지 않을까? 그래서 결국 TSMC로 맡기지 않을까 이런 추정을 또 해 볼 수 있고요.""}, {""id"": 44, ""speaker"": 1, ""start_time"": 585.975, ""confidence"": 0.97, ""text"": ""결국 많이 기다려 봐야 되겠지만도 저도 여기에 관심이 많아 가지고 계속 이게 팔로업을 하고 있는데 물론 상품은 저는 일개 유튜버밖에 안 되는데 제가 아는 정보를 이렇게 공유를 해 드리면서 같이 이제 찾아보자는 거고 어느 쪽을 응원한다기보다는 이게 또 얼마나 또 잘 나올지 그냥 단순히 엑시노스라는 칩 자체의 설계뿐만이 아니라 파운드리랑도 연계가 되는 부분이기 때문에""}, {""id"": 45, ""speaker"": 1, ""start_time"": 606.915, ""confidence"": 0.98, ""text"": ""또 이제 삼성전자가 한참 힘든 시기를 보내다가 오를 수 있는 시기인가라는 측면도 있고 또 2나노 수율이 잘 나오면은 진짜로 퀄컴이 이게 맡길 수도 있는 거고.""}, {""id"": 46, ""speaker"": 1, ""start_time"": 616.115, ""confidence"": 0.97, ""text"": ""근데 또 댓글들을 보면은 뭐 여전히 퀄컴을 많이 탑재를 해 줬으면 좋겠다라는 의견들이 많은 거 보면은 아무래도 이전에 더 말씀드렸던 스냅드래곤 8 엘리트 젠 5의 엄청난 성능 이거를 어떻게 따라갈 겁니까?""}, {""id"": 47, ""speaker"": 1, ""start_time"": 627.325, ""confidence"": 0.98, ""text"": ""멀티 같은 경우에는 애플도 이거 한참 못 못 따라가고 있고 싱글 코어 점수가 일단 높으니까 빠릿빠릿한 점 점에서 많이 다르겠죠.""}, {""id"": 48, ""speaker"": 1, ""start_time"": 634.725, ""confidence"": 0.98, ""text"": ""그래서 이 상황은 계속 제가 팔로업 하면서 내용을 전달 드리도록 하겠습니다.""}, {""id"": 49, ""speaker"": 1, ""start_time"": 638.435, ""confidence"": 0.98, ""text"": ""안대공학 인스타그램 언열텍.에러에서도 인스타그램 통해 가지고 재밌는 소식들, 릴스도 많이 보내 드리고 있고 짧은 소식들을 이렇게 전달 드리고 있으니까 많은 관심 부탁드립니다. 지금까지 에러였습니다.""}]",gemini,2025-10-24 18:09:32,안될공학 - IT 테크 신기술,14202.0,2025-10-24,,0.0
https://youtu.be/JGgjbBJKf-c?si=1Lb0fQmRh8HHgBdJ,JGgjbBJKf-c,🏞️한강의 시작과 끝 (한강 다큐멘터리 - 지리편),,mp3\🏞️한강의 시작과 끝 (한강 다큐멘터리 - 지리편)-JGgjbBJKf-c.mp3,"[{""id"": 0, ""speaker"": 1, ""start_time"": 53.51, ""confidence"": 0.98, ""text"": ""검용소에서 솟아난 물은 암반에 1에서 1.5m 정도의 깊이로 직경 1m 정도의 돌개구멍, 즉 포토홀을 여러 개 만들며 완만한 경사의 폭포를 이루며 창죽천으로 흘러들어가고 있습니다. 그 모습이 구불구불하여 마치 용트림을 하고 있는 모습과 비슷하여 붙인 이름입니다. 지리적 개념을 바탕으로 지리상의 계측을 통해 가장 먼 거리에 있으며 분출하는 양의 물이 월등이 많은 검용소를 1987년 국립지리원에서 한강의 발원지로 인정하였습니다. 검용소에서 솟아오른 물은 정선의 골지천과 조양강, 영월의 동강을 거쳐 남한강의 큰 물을 이루고 양수리에서 북한강과 합류하여 서울을 지나 김포에서 임진강과 만나 서해바다로 흘러들어갑니다.""}, {""id"": 1, ""speaker"": 2, ""start_time"": 110.24, ""confidence"": 0.97, ""text"": ""지금 현재의 발원지는 태백산의 검용소를 우리가 발원지라고 규정을 하고 있는데, 그 이전에 역사적으로 봤을 때는 그 오대산 우통수라고 해서 오대산 그 정멸보궁 올라가다 보면 그 우측에 있는 봉우리가 있는데, 그 정상에 우물이 좀 있어요. 이제 거기서부터 발원해서 내려온다라고 하는 게 이제 역사 기록물에는 다 그렇게 기록돼 있거든요.""}, {""id"": 2, ""speaker"": 2, ""start_time"": 138.11, ""confidence"": 0.97, ""text"": ""근데 이제 현대에 와서 실제 이제 측량을 할 수 있잖아요, 거리를. 그래서 그 측량을 해서 본 결과 태백산의 금대산 일대에 보면 검용수라고 하는 곳에서 물이 많이 이렇게 지하에서 솟구치는 그런 곳이 있고, 거기가 한강 발원지로 알려져 있습니다.""}, {""id"": 3, ""speaker"": 3, ""start_time"": 170.75, ""confidence"": 0.95, ""text"": ""조선을 창업하면서 그 어떤 전략적으로 외국의 침략을 염두에 안 둘 수 없죠. 그 사람들 중요한 건 뭐냐면 물류.""}, {""id"": 4, ""speaker"": 2, ""start_time"": 182.22, ""confidence"": 0.98, ""text"": ""전근대 사회에는 도로 교통이 활발하지가 못했어요. 그러니까 주로 배를 이용해서 수로를 따라서 물류가 이동할 수밖에 없는 그런 환경이었습니다.""}, {""id"": 5, ""speaker"": 4, ""start_time"": 240.35, ""confidence"": 0.97, ""text"": ""여기는 강원도에서 출발한 한강이 우리 국토를 휘감고 돌아서 여기 그 서울에 들어가기는 초입에 바로 그 광나루 현장입니다. 저 바로 앞에 보이는 다리가 이제 광진교죠. 서울 한강에서 이제 세 번째로 놓인 다리예요.""}, {""id"": 6, ""speaker"": 4, ""start_time"": 265.52, ""confidence"": 0.96, ""text"": ""저 건너편에 있는 게 이제 그 후에 한참 뒤에 생겼던 그 천호대교.""}, {""id"": 7, ""speaker"": 4, ""start_time"": 308.58, ""confidence"": 0.98, ""text"": ""여기 서강서호에는 밤섬이 있고 그 앞에 여의도가 있습니다. 양쪽에 이제 밤섬하고 여의도가 있는 것이 바로 여기 그 우리 서강서호입니다.""}, {""id"": 8, ""speaker"": 4, ""start_time"": 362.13, ""confidence"": 0.97, ""text"": ""이 밤섬은 그렇게 없어졌지만 침식해서 자갈과 모래를 또 여기다 차곡차곡 쌓아서 그 위에 이제 새로운 밤섬이 두 덩어리가 생겼죠. 그래서 그 이제 두 덩어리 이제 그 밤섬은 우리한테 이제 새로운 이제 자연의 보고로서, 철새 도래지로서의 밤섬, 또 람사르 습지로 지정된 생태의 보고 현장, 그런 밤섬은 우리한테 또 다가오고 있습니다.""}]",gemini,2025-10-27 09:13:57,한강공원,15565.0,2023-04-05,"네, 회의록 내용을 바탕으로 주요 사항을 정리해 드립니다.

### 회의록 요약

---

#### 1. 주요 논의 주제
- **한강의 발원지**: 역사적으로 알려진 발원지(오대산 우통수)와 현대 과학적 측량으로 공식 인정된 발원지(태백산 검용소)에 대한 논의
- **한강의 지리적 흐름**: 검용소에서 시작하여 서울을 거쳐 서해로 이어지는 한강의 전체적인 경로 소개
- **한강의 역사적 가치**: 도로 교통이 발달하지 않았던 전근대 사회에서 물류 통로로서 한강의 중요성
- **한강의 생태적 가치**: 인공적으로 파괴되었다가 자연적으로 복원된 '밤섬'의 생태적 중요성(철새 도래지, 람사르 습지)

#### 2. 주요 결정 사항
- (회의 중 새로 결정된 사항은 없으나, 논의된 사실에 기반)
- 1987년 국립지리원에서 실제 측량 결과를 바탕으로, 가장 거리가 먼 **태백산 검용소**를 한강의 공식 발원지로 인정함.

#### 3. 액션 아이템 (Action Items)
- 해당 사항 없음

#### 4. 중요한 발언이나 의견
- **한강 발원지에 대한 관점 변화**: ""역사 기록물에는 오대산 우통수가 발원지로 되어 있으나, 현대에 와서 실제 측량 결과 태백산 검용소가 (거리가 더 멀어) 한강 발원지로 알려져 있습니다.""
- **한강의 역사적 역할**: ""전근대 사회에는 도로 교통이 활발하지 못해, 주로 배를 이용한 수로(강)를 따라 물류가 이동할 수밖에 없었습니다.""
- **밤섬의 생태적 의의**: ""인공적으로 없어졌던 밤섬이 자연의 퇴적 작용으로 다시 생겨났으며, 현재는 철새 도래지이자 람사르 습지로 지정된 생태의 보고(寶庫)로 우리에게 다가오고 있습니다.""",0.0
https://youtu.be/2EI1jDpDA0c?si=WCDUZuqAcyOeX5cI,2EI1jDpDA0c,[다시 보는 차클_유홍준] 서울이 지닌 ′5대 궁궐′ 이야기,,mp3\[다시 보는 차클_유홍준] 서울이 지닌 ′5대 궁궐′ 이야기-2EI1jDpDA0c.mp3,"[{""id"": 0, ""speaker"": 1, ""start_time"": 0.13, ""confidence"": 0.98, ""text"": ""차이나는 클라스 100회 방영을 진심으로 축하드립니다. 100회 중에 제가 다섯 번을 출연을 했는데 강연하는 사람으로서 평소 딴 데서 하지 않았던 이야기를 많이 이야기를 했고 패널들하고 같이 교감을 했던 것이 차이나는 클라스를 만들지 않았나 그런 생각을 합니다.""}, {""id"": 1, ""speaker"": 2, ""start_time"": 27.78, ""confidence"": 0.97, ""text"": ""서울은 5대 궁궐의 도시다. 한 도성 안에 다섯 개의 궁궐을 갖고 있는 도시는 지구상에 서울 이외에는 꼽을 수가 없어요.""}, {""id"": 2, ""speaker"": 3, ""start_time"": 36.58, ""confidence"": 0.92, ""text"": ""어.""}, {""id"": 3, ""speaker"": 2, ""start_time"": 37.92, ""confidence"": 0.98, ""text"": ""이 경복궁이 어떻게 만들어졌는가 보면은 조선 왕조의 상징적인 것이 이 근정전인데.""}, {""id"": 4, ""speaker"": 4, ""start_time"": 45.49, ""confidence"": 0.94, ""text"": ""근정전?""}, {""id"": 5, ""speaker"": 2, ""start_time"": 54.62, ""confidence"": 0.99, ""text"": ""이 근정전을 보면은 저 북악산과 인왕산이 있다는 전제하에 근정전이에요. 그러니까 위치가 저것이 있다는 전제하에 지은 거니까 인왕산과 북악산은 사실상 경복궁에 사는 사람들이 누리는 정원이죠. 자연의 정원.""}, {""id"": 6, ""speaker"": 2, ""start_time"": 75.2, ""confidence"": 0.98, ""text"": ""내 집 안에 있는 것만이 정원이 아니고 밖에 있는 정원을 끌어들이는 걸 차경이라고 그러거든요.""}, {""id"": 7, ""speaker"": 2, ""start_time"": 82.09, ""confidence"": 0.98, ""text"": ""그것이 있다는 전제하에 정자도 짓고 집을 짓는 거니까 우리가 이 사용자 입장에서 그 건축을 보면은 옛사람들의 건축을 더 이해할 수 있고""}, {""id"": 8, ""speaker"": 2, ""start_time"": 94.88, ""confidence"": 0.97, ""text"": ""실례로 봐도 어, 임금을 상징하는 용상이 있고 뒤에는 일월오봉도라고 저게 저 해와 달 그리고 변함없는 산, 오래된 소나무.""}, {""id"": 9, ""speaker"": 3, ""start_time"": 107.39, ""confidence"": 0.95, ""text"": ""와, 대칭이 진짜.""}, {""id"": 10, ""speaker"": 2, ""start_time"": 109.01, ""confidence"": 0.96, ""text"": ""예. 저기에 쳐 있는 거는 임금을 상징하래요. 저 병풍을. 임금이 어디 밖에 나갈 적에도 저 병풍은 갖고 다녀요.""}, {""id"": 11, ""speaker"": 2, ""start_time"": 116.91, ""confidence"": 0.97, ""text"": ""저 위에는 칠조룡이 발톱이 일곱 개가 달려 있어.""}, {""id"": 12, ""speaker"": 5, ""start_time"": 122.04, ""confidence"": 0.93, ""text"": ""굉장히 이런 게 있었네.""}, {""id"": 13, ""speaker"": 6, ""start_time"": 122.81, ""confidence"": 0.92, ""text"": ""아 천장 위에. 아 천장을 볼 생각을 못했네. 진짜.""}, {""id"": 14, ""speaker"": 2, ""start_time"": 126.58, ""confidence"": 0.95, ""text"": ""멋있잖아요?""}, {""id"": 15, ""speaker"": 7, ""start_time"": 127.98, ""confidence"": 0.94, ""text"": ""디테일을 어떻게 저렇게 만들었지?""}, {""id"": 16, ""speaker"": 2, ""start_time"": 129.64, ""confidence"": 0.97, ""text"": ""아, 디테일 소리가 나오네. 아, 멋있네.""}, {""id"": 17, ""speaker"": 2, ""start_time"": 133.62, ""confidence"": 0.99, ""text"": ""명작은 디테일이 아름다워요. God is in the details. 신은 디테일 안에 있다. 디테일이 아름답지 않은 거는 명작이 아니에요.""}, {""id"": 18, ""speaker"": 7, ""start_time"": 143.25, ""confidence"": 0.91, ""text"": ""디테일.""}, {""id"": 19, ""speaker"": 8, ""start_time"": 143.75, ""confidence"": 0.98, ""text"": ""선생님, 네. 디테일 말씀하셔서 그런데 사실 저도 경복궁 많이 갔지만 그런 디테일을 많이 놓쳤던 거 같아요. 어디를 어떻게 보면 좀 디테일하게 볼 수 있을까 추천을 좀 해 주시면 좋을 것 같아요.""}, {""id"": 20, ""speaker"": 3, ""start_time"": 154.87, ""confidence"": 0.92, ""text"": ""어.""}, {""id"": 21, ""speaker"": 2, ""start_time"": 155.16, ""confidence"": 0.98, ""text"": ""네, 두 개만 하지. 하나는 수정전이라고 하는 건물이에요. 이 건물이 경회루 뒤에 저 앞쪽에 있는데, 아 지금도 미안해.""}, {""id"": 22, ""speaker"": 2, ""start_time"": 165.05, ""confidence"": 0.99, ""text"": ""저걸 수정전이라니까 사람들이 그냥 가는데 저 집이 훈민정음을 만든 집현전이에요.""}, {""id"": 23, ""speaker"": 9, ""start_time"": 172.12, ""confidence"": 0.9, ""text"": ""아!""}, {""id"": 24, ""speaker"": 3, ""start_time"": 173.23, ""confidence"": 0.92, ""text"": ""어.""}, {""id"": 25, ""speaker"": 2, ""start_time"": 174.62, ""confidence"": 0.98, ""text"": ""세조가 집현전 학사들이 자꾸 그 걸리적거리니까 집현전을 없애 버렸어요.""}, {""id"": 26, ""speaker"": 2, ""start_time"": 181.43, ""confidence"": 0.98, ""text"": ""그리고 성종 때 가면은 저기가 홍문관 예문관으로 써요. 그리고 임진왜란 지나고 나서 대원군이 복원을 할 적에는 수정전이 되고 여기에서 또 역사적인 사건이 1894년 갑오개혁을 선언한 게 여기예요.""}, {""id"": 27, ""speaker"": 2, ""start_time"": 198.6, ""confidence"": 0.99, ""text"": ""훈민정음이 여기고 갑오개혁이 여기 있는 건물이야.""}, {""id"": 28, ""speaker"": 4, ""start_time"": 202.0, ""confidence"": 0.92, ""text"": ""우와.""}, {""id"": 29, ""speaker"": 3, ""start_time"": 202.64, ""confidence"": 0.91, ""text"": ""그러니까 이제 표말을 좀 세워주시면.""}, {""id"": 30, ""speaker"": 2, ""start_time"": 204.5, ""confidence"": 0.95, ""text"": ""설명문에는 나오지. 아무튼 훈민정음이 탄생한 곳인데 저기에 수정전이라니까 안 가지. 저 수정전이라는 현판은 박물관에 모시고 저 자리에 집현전이라고 써 주는 것이 국민들에게 맞는 게 아닌가.""}, {""id"": 31, ""speaker"": 10, ""start_time"": 220.63, ""confidence"": 0.93, ""text"": ""맞네요. 맞아요.""}, {""id"": 32, ""speaker"": 2, ""start_time"": 221.74, ""confidence"": 0.95, ""text"": ""맞죠?""}, {""id"": 33, ""speaker"": 10, ""start_time"": 222.31, ""confidence"": 0.91, ""text"": ""네.""}, {""id"": 34, ""speaker"": 2, ""start_time"": 223.12, ""confidence"": 0.97, ""text"": ""또 이제 또 하나 보여주면 장독대.""}, {""id"": 35, ""speaker"": 3, ""start_time"": 224.6, ""confidence"": 0.92, ""text"": ""우와.""}, {""id"": 36, ""speaker"": 11, ""start_time"": 225.15, ""confidence"": 0.93, ""text"": ""이런 게 있어요?""}, {""id"": 37, ""speaker"": 2, ""start_time"": 226.11, ""confidence"": 0.94, ""text"": ""어, 장고.""}, {""id"": 38, ""speaker"": 11, ""start_time"": 227.18, ""confidence"": 0.9, ""text"": ""우와.""}, {""id"": 39, ""speaker"": 2, ""start_time"": 228.1, ""confidence"": 0.91, ""text"": ""저 임금님의 장독이야, 이거.""}, {""id"": 40, ""speaker"": 9, ""start_time"": 230.88, ""confidence"": 0.92, ""text"": ""어디 있어 이거?""}, {""id"": 41, ""speaker"": 12, ""start_time"": 231.86, ""confidence"": 0.9, ""text"": ""실제 된장 고추장은?""}, {""id"": 42, ""speaker"": 2, ""start_time"": 233.11, ""confidence"": 0.94, ""text"": ""아 없지.""}, {""id"": 43, ""speaker"": 3, ""start_time"": 234.14, ""confidence"": 0.89, ""text"": ""아무것도 안 들어있어. 가져가시게요?""}, {""id"": 44, ""speaker"": 11, ""start_time"": 236.88, ""confidence"": 0.9, ""text"": ""허리 아프겠다.""}, {""id"": 45, ""speaker"": 2, ""start_time"": 238.34, ""confidence"": 0.9, ""text"": ""장준아.""}, {""id"": 46, ""speaker"": 2, ""start_time"": 239.16, ""confidence"": 0.96, ""text"": ""저게 빈 독으로 놓으면은 태풍에 쓰러져요. 아 그래서 물을 채워 놓거나 모래를 담아서 무게를 유지해 주는데 저거를 문화재청에서 이걸 다시 그 재현하면서 8도 장독을 다 가져왔어.""}, {""id"": 47, ""speaker"": 2, ""start_time"": 254.26, ""confidence"": 0.98, ""text"": ""이쪽에 끝에 보이는 거는 이 어깨가 둥글고 밑으로 쭉 내려간 라인이 이렇게 돼 있는 거 있죠? 그거는 전라도 독이에요.""}, {""id"": 48, ""speaker"": 2, ""start_time"": 263.89, ""confidence"": 0.97, ""text"": ""그리고 저 가운데 아주 그냥 동글동글하고 야무진 거 있죠? 어 그건 경상도 독이야.""}, {""id"": 49, ""speaker"": 2, ""start_time"": 271.25, ""confidence"": 0.96, ""text"": ""8도 장독, 장독 전시직 생활이 있었던 거.""}, {""id"": 50, ""speaker"": 9, ""start_time"": 274.39, ""confidence"": 0.93, ""text"": ""아 이런 의미가 있구나.""}, {""id"": 51, ""speaker"": 2, ""start_time"": 277.51, ""confidence"": 0.97, ""text"": ""이게 종묘라고 하는 건물 있잖아.""}, {""id"": 52, ""speaker"": 11, ""start_time"": 280.09, ""confidence"": 0.92, ""text"": ""와, 저건 대박이었다 진짜.""}, {""id"": 53, ""speaker"": 3, ""start_time"": 282.58, ""confidence"": 0.94, ""text"": ""와, 저 건축물 뭐야.""}, {""id"": 54, ""speaker"": 2, ""start_time"": 284.48, ""confidence"": 0.96, ""text"": ""야, 이게 또 가을이 되면 이렇대.""}, {""id"": 55, ""speaker"": 11, ""start_time"": 287.11, ""confidence"": 0.98, ""text"": ""선생님, 종묘하고 사직이 사극에 많이 나오잖아요. 종묘와 사직을 어찌하시려고. 그게 뭐 뭔가요, 저?""}, {""id"": 56, ""speaker"": 2, ""start_time"": 295.54, ""confidence"": 0.99, ""text"": ""딘딘이 얘기한처럼 종묘와 사직. 좌묘우사라고 그래. 왼쪽에는 종묘가 있어야 되고 오른쪽엔 사직이 있어야 돼. 그것이 종묘와 사직이에요.""}, {""id"": 57, ""speaker"": 2, ""start_time"": 307.66, ""confidence"": 0.98, ""text"": ""사는 땅이고 직은 곡식이에요. 그러니까 사직은 단을 만들어 놓고 거기서 제사 지내는 거야.""}, {""id"": 58, ""speaker"": 2, ""start_time"": 315.1, ""confidence"": 0.98, ""text"": ""이 땅이 풍요롭게 되고 곡식이 잘 되게 해 주십시오는 사직에서 하는 거고 종묘는 태조 이성계 이래로 역대 왕의 영혼을 모시는 곳.""}, {""id"": 59, ""speaker"": 2, ""start_time"": 328.69, ""confidence"": 0.97, ""text"": ""왕이 돌아가시면은 동구릉에다가 모셨죠. 그러면 그 다음에 그분의 위패, 신주. 나무에다가 이렇게 해서 박스에다 이렇게 떼 갖고 그 혼을 모셔 놓은 집을 모시는 게 종묘.""}, {""id"": 60, ""speaker"": 2, ""start_time"": 341.4, ""confidence"": 0.98, ""text"": ""여기에 19개의 방이 있거든요. 이 19개의 방마다 태조, 태종, 세종, 성종 이렇게 다 그 신주가 모셔져 있어.""}, {""id"": 61, ""speaker"": 2, ""start_time"": 352.21, ""confidence"": 0.99, ""text"": ""근데 조선 시대 왕은 27분이에요.""}, {""id"": 62, ""speaker"": 11, ""start_time"": 355.82, ""confidence"": 0.95, ""text"": ""그럼 나머지 분은 어디로 갔는가?""}, {""id"": 63, ""speaker"": 4, ""start_time"": 358.14, ""confidence"": 0.93, ""text"": ""새로 건물 지어요?""}, {""id"": 64, ""speaker"": 10, ""start_time"": 359.17, ""confidence"": 0.91, ""text"": ""압축?""}, {""id"": 65, ""speaker"": 2, ""start_time"": 360.6, ""confidence"": 0.98, ""text"": ""여기는 역대 왕 중에서 오랫동안 치적을 해서 업적을 남긴 분만 모시고 그렇지 않고 일찍 죽은 분 뭐 단종이니, 인종이니, 예종, 경종 이런 분들은 옆에 영녕전이라고 별도의 공간으로 모셨어요.""}, {""id"": 66, ""speaker"": 2, ""start_time"": 379.72, ""confidence"": 0.97, ""text"": ""근데 이 마지막 왕 순종이 들어가니까 제 19실이 딱 찼어. 그리고 영녕전에서는 영친왕이 들어가니까 제 16실이 딱 찼어.""}, {""id"": 67, ""speaker"": 2, ""start_time"": 392.82, ""confidence"": 0.98, ""text"": ""왕조는 거기에서 끝나고 종묘의 정전과 제실도 운명적으로 이제 더 있어도 모실 공간은 없었어요.""}, {""id"": 68, ""speaker"": 2, ""start_time"": 402.1, ""confidence"": 0.98, ""text"": ""종묘를 포함해서 5대 궁궐이 우리에게 상징적으로 현실적으로 다가오는 거는 역시 광화문.""}, {""id"": 69, ""speaker"": 2, ""start_time"": 413.23, ""confidence"": 0.97, ""text"": ""1910년 나라를 잃게 되자 일제가 이것부터 부시는 거예요. 광화문부터.""}, {""id"": 70, ""speaker"": 2, ""start_time"": 420.99, ""confidence"": 0.98, ""text"": ""저게 총독부가 저렇게 차지하고 앉았어. 저 근정전만 남겨 놓고. 여기에다 총독부 건물을 갖다가 지어 놓고 놨는데 그때 궁궐을 갖다가 없애고 이렇게 집을 지었습니다. 그렇게 얘기를 했던 거죠.""}, {""id"": 71, ""speaker"": 2, ""start_time"": 439.76, ""confidence"": 0.98, ""text"": ""그랬다가 이제 문민정부 들어오면서 저거를 철거하면서 광화문을 다시 복원을 그 하는데,""}, {""id"": 72, ""speaker"": 2, ""start_time"": 448.68, ""confidence"": 0.97, ""text"": ""저 광화문의 위치가 총독부 건물하고 방향을 맞춰서 남산에 있는 일본인 신사를 바라보고 있었어요. 그거를 어 3.75도를 바꿔 가지고 17m 앞으로 해서 다시 세운 것이 이 광화문이에요, 현재.""}, {""id"": 73, ""speaker"": 2, ""start_time"": 464.81, ""confidence"": 0.98, ""text"": ""이 광화문을 세우기 위해서 공사를 3년 동안 해야 되는데 강익중이라는 작가가 이 가림막을 만들어서 저 상태로 우리가 3년 살았어요. 공사 중에는 이거를 보고 살았어요.""}, {""id"": 74, ""speaker"": 11, ""start_time"": 479.61, ""confidence"": 0.93, ""text"": ""기억이 나.""}, {""id"": 75, ""speaker"": 3, ""start_time"": 480.6, ""confidence"": 0.92, ""text"": ""언제 완공이 됐죠, 선생님?""}, {""id"": 76, ""speaker"": 2, ""start_time"": 481.79, ""confidence"": 0.89, ""text"": ""저게 2000""}, {""id"": 77, ""speaker"": 11, ""start_time"": 482.44, ""confidence"": 0.9, ""text"": ""오래된 일이 아니야. 아니지, 2007년이지.""}, {""id"": 78, ""speaker"": 6, ""start_time"": 484.84, ""confidence"": 0.88, ""text"": ""2010년?""}, {""id"": 79, ""speaker"": 2, ""start_time"": 486.05, ""confidence"": 0.97, ""text"": ""저 가운데 있는 그림이 마지막 화원인 심전 안중식 선생이 그 총독부 건물을 짓기 직전 하루 직전에 이 그림을 그리면서 거기다 쓴 게 백악춘효. 북악산에 봄날의 새벽이 오기를 기다리는 마음으로 그린 그림이 이 광화문과 뒤에 근정전과 경회루가 해태상이 붙어 있는 이 그림이에요.""}, {""id"": 80, ""speaker"": 2, ""start_time"": 511.85, ""confidence"": 0.99, ""text"": ""그리고 결국 이 그림으로 회복해 오는데 우리가 100년이 걸린 거죠.""}, {""id"": 81, ""speaker"": 8, ""start_time"": 517.74, ""confidence"": 0.98, ""text"": ""근데 참 이상적인 게 그렇게 회복이 된 뒤에 광화문이 되게 많은 시민들이 모이는 장이 되고 또 민주주의가 발달하고 그런 자리로서 의미를 갖게 됐으니까 참 그 문화유산을 단순히 보존하는 게 아니라 정말 우리 시대에도 의미가 있는 자리가 될 수 있겠다는 생각이 들었어요.""}, {""id"": 82, ""speaker"": 2, ""start_time"": 534.92, ""confidence"": 0.96, ""text"": ""아, 덕원 씨가 지금 뭐 피니싱 그 코멘트를 지금 한 거 같아.""}, {""id"": 83, ""speaker"": 11, ""start_time"": 540.23, ""confidence"": 0.93, ""text"": ""멋있네요.""}, {""id"": 84, ""speaker"": 2, ""start_time"": 541.85, ""confidence"": 0.98, ""text"": ""그래서 우리는 서울이 갖고 있는 5대 궁궐의 상징성, 그것이 과거의 이야기로 끝나는 것이 아니라 현재도 진행되고 있는 그곳이다라는 의미를 부여할 수 있습니다.""}]",gemini,2025-10-27 09:27:46,교양 Voyage,167241.0,2019-03-06,"## 회의록 요약

### 1. 주요 논의 주제
**서울 5대 궁궐의 역사적, 건축적 가치와 현대적 의미 재조명**
- 서울이 가진 5대 궁궐의 독보적 위상
- 경복궁의 건축적 특징과 숨겨진 이야기 (차경, 근정전 디테일, 수정전, 장독대)
- 종묘의 의미와 구조 (좌묘우사, 역대 왕 봉안)
- 광화문의 수난과 복원 과정, 그리고 현대적 의미

### 2. 주요 결정 사항
- 해당 없음 (강연 및 토론 형식으로 별도 결정 사항 없음)

### 3. 액션 아이템
- **(제안) 수정전(水晶殿) 현판 교체**: 훈민정음 창제 장소인 '집현전'으로서의 역사적 의미를 살리기 위해, 현재의 '수정전' 현판을 박물관으로 옮기고 '집현전(集賢殿)' 현판으로 교체할 것을 제안함.

### 4. 중요한 발언이나 의견
- **""명작은 디테일이 아름답다. 신은 디테일 안에 있다.""** (화자 2)
  - 근정전 천장의 칠조룡 등 쉽게 지나칠 수 있는 디테일의 중요성을 강조.
- **""수정전은 훈민정음이 탄생하고 갑오개혁이 선포된 역사적 공간이다.""** (화자 2)
  - 현재 이름 때문에 그 중요성이 잘 알려지지 않은 점을 지적하며, '집현전'으로 바로잡을 필요성을 역설.
- **""광화문 복원은 3.75도 각도를 바로잡아 일제의 잔재를 청산하고 민족정기를 회복한 과정이다.""** (화자 2)
  - 일제가 총독부 건물에 맞춰 틀어놓았던 광화문의 위치를 바로잡아 복원한 역사적 의미를 설명.
- **""문화유산은 단순히 보존하는 것을 넘어, 우리 시대에 의미 있는 민주주의의 장으로 살아 숨 쉬고 있다.""** (화자 8)
  - 광화문 광장이 시민의 공간으로 활용되는 것을 보며, 과거의 유산이 현재와 소통하는 공간이 될 수 있다는 의견을 제시.",116.5795395374298
https://youtu.be/6UmybsRYGco?si=iamueqPkd1Ec4z4K,6UmybsRYGco,"공공분야에 단단히 화난 이재명 대통령 ""아주 엄히 책임을 묻도록 하십시오!""",,mp3\공공분야에 단단히 화난 이재명 대통령 ＂아주 엄히 책임을 묻도록 하십시오!＂-6UmybsRYGco.mp3,"[{""id"": 0, ""speaker"": 1, ""start_time"": 0.136, ""confidence"": 0.96, ""text"": ""주시기 바라고요. 노동부 장관님.""}, {""id"": 1, ""speaker"": 2, ""start_time"": 3.956, ""confidence"": 0.98, ""text"": ""네.""}, {""id"": 2, ""speaker"": 1, ""start_time"": 4.776, ""confidence"": 0.97, ""text"": ""산재 사망 사고는 좀 어떻게 좀 줄어들고 있어요?""}, {""id"": 3, ""speaker"": 2, ""start_time"": 9.206, ""confidence"": 0.95, ""text"": ""뭐 특별하게 줄어들지 않지만 대형 사고들은 계속""}, {""id"": 4, ""speaker"": 1, ""start_time"": 16.716, ""confidence"": 0.97, ""text"": ""제가 계속 매일매일 보고를 받아 보는데 이 공공 발주 사업에서도 그 터무니 없는 사망 사고가 발생하는 경우가 있더라고요.""}, {""id"": 5, ""speaker"": 2, ""start_time"": 30.846, ""confidence"": 0.96, ""text"": ""네, 그래 가지고 지난번 추석 전에 우리 국조 상황 국정 상황 실장님과 함께 인천 환경공단 공공 분야도 한번 점검을 했고 또 발주처에 대한 요번 지난번 대책에도 발주처에 대한 어떤 책임성을 강화하는 내용들이 들어가 있습니다.""}, {""id"": 6, ""speaker"": 1, ""start_time"": 46.176, ""confidence"": 0.98, ""text"": ""제가 그 다른 부처들도 마찬가지인데 민간 분야도 마찬가지입니다만 한번 생각을 해 보십시오. 사람이 일을 하다 죽으면 안 된다. 이건 누구나 알고 있는 거고. 일하다 죽으면 그 가족들은 어떻게 되겠으며 그 먹고 살아보겠다고 일하러 갔다가 죽으면 안 되잖아요. 아주 기본적이고 초보적인 원리 아닙니까?""}, {""id"": 7, ""speaker"": 1, ""start_time"": 73.286, ""confidence"": 0.98, ""text"": ""근데 그 중에서 보면 추락 사고 있잖아요, 추락 사고. 이거는 아주 전형적인 산재 사망 유형인데 뭐 다른 거 예를 들면 뭐 불의의 교통사고를 당한다든지 뭐 뭐 뭐가 무너져 가지고 갈렸다든지 뭐 그런 거는 뭐 우발적 요소나 어쩔 수 없는 요소들이 있다고 치더라도 떨어지면 죽는다. 떨어질 위험성이 있는 장소에서 일하면 떨어질 위험을 최소화하든지 없애야 된다. 그 상식이 아닙니까?""}, {""id"": 8, ""speaker"": 1, ""start_time"": 108.866, ""confidence"": 0.97, ""text"": ""그런데 사다리 올라가서 떨어지는 거 최근에 내가 많이 봤고요. 네. 이런 데 천장이 뭐 공사하느라고 사다리 설치하고 올라가다가 가서 하다가 뭐 5, 6m, 3, 4m, 9, 10m에 떨어져 죽었다고 해요. 또 뭐 어디 저 천장이나 이런 데 지붕에 올라갔다가 지붕이 무너져서 떨어져서 죽었다 그런 이런 것도 많고. 어디 뭐 난간에서 떨어졌다 이런 것도 많고.""}, {""id"": 9, ""speaker"": 1, ""start_time"": 134.836, ""confidence"": 0.98, ""text"": ""그 작업한 유형별로 보면 아 요거 위험하구나. 그 충분히 알 수 있잖아요. 아니 사다리에서 올라가 떨어질 것 같으면 밑에 매트 깔아야 되는 거 아닙니까? 꼭 매트 깔라고 돼 있죠, 법에?""}, {""id"": 10, ""speaker"": 2, ""start_time"": 148.476, ""confidence"": 0.99, ""text"": ""네.""}, {""id"": 11, ""speaker"": 1, ""start_time"": 150.016, ""confidence"": 0.98, ""text"": ""어디 예를 들면 높은 데서 작업하다 떨어졌다 그러면 높은 지역이면 어디다 안전고리 걸고 있으라고 법에 돼 있죠?""}, {""id"": 12, ""speaker"": 2, ""start_time"": 158.886, ""confidence"": 0.97, ""text"": ""그렇습니다. 안전고리를 걸 수 없으면 다른 추락 방지 시설을 하게 돼 있죠. 밑에 매트를 깔든지 망을 깔아 놓든지. 추락 방지망. 네, 안전 난간.""}, {""id"": 13, ""speaker"": 1, ""start_time"": 169.156, ""confidence"": 0.97, ""text"": ""그 왜 안 하는 겁니까, 도대체? 사람은 죽어도 괜찮다고 그러고 일 시키는 거죠. 근데 이게 한 민간 분야에서는 아직도 좀 문화가 전환 안 되려면 시간이 걸린다 치더라도 공공 분야에서 그런 일이 벌어진다는 거 상상할 수 있습니까? 있을 수 없잖아요.""}, {""id"": 14, ""speaker"": 2, ""start_time"": 187.926, ""confidence"": 0.98, ""text"": ""네.""}, {""id"": 15, ""speaker"": 1, ""start_time"": 188.986, ""confidence"": 0.98, ""text"": ""아니 공공 분야에서 국민들 더 잘 살게 하자고 있는 게 공공 분야인데 어디 사람은 죽이는 일을 합니까? 그게 어떻게 안 안 줄어드냐. 이 앞으로 그 공공 분야의 이런 예측 가능한 사망 사고, 특히 추락 사고 이런 거. 그 뻔히 예측할 수 있단 말이에요.""}, {""id"": 16, ""speaker"": 1, ""start_time"": 211.866, ""confidence"": 0.97, ""text"": ""아니 사다리 타고 올라가서 천정을 수리하면 사다리에서 떨어져 죽을 수 있으면 밑에 매트를 깔 깔으라고 돼 있는데 왜 안 깔고 작업하는 거야 도대체? 그걸 왜 공공 부문도 그걸 방치하냐 이 말이에요. 하도급 도급 주고 하도급 주면 그만입니까?""}, {""id"": 17, ""speaker"": 2, ""start_time"": 227.376, ""confidence"": 0.98, ""text"": ""그래서 공공 분야에서부터 모범을 보여야 되는데 말씀 주신 거와 같이 이제 만약에 공공 분야에서 그런 충분히 예측 가능하고 예방 가능한 사고가 났을 때는 기관장 해임 건의할 수 있도록 기재부와 협의해서 법 개정을 생각입니다.""}, {""id"": 18, ""speaker"": 1, ""start_time"": 239.976, ""confidence"": 0.97, ""text"": ""그 책임자를 자주 아주 어미 책임을 묻도록 하십시오.""}, {""id"": 19, ""speaker"": 2, ""start_time"": 247.096, ""confidence"": 0.98, ""text"": ""공공 부분에서부터 더 엄하게 하겠습니다.""}, {""id"": 20, ""speaker"": 1, ""start_time"": 251.326, ""confidence"": 0.97, ""text"": ""아니 뭐 돈 벌기 위해서 사실 안전 조치 안 하고 그 비용을 아낀다라고 사고가 나는 게 주 원인인데 민간 분야는 뭐 이해되는 건 아니지만 공공 분야는 돈 버는 데가 아니잖아요.""}, {""id"": 21, ""speaker"": 2, ""start_time"": 265.296, ""confidence"": 0.98, ""text"": ""그렇습니다. 그래서 발주 아까 대통령님 말씀처럼 발주만 주면 그만이 아니고 발주처에 대한 책임을 명확하게 해 가지고 어 더 어 주의시키고 공공 분야에서부터 모범을 보이도록 하겠습니다.""}, {""id"": 22, ""speaker"": 1, ""start_time"": 277.376, ""confidence"": 0.97, ""text"": ""저는 이렇게 정부에서 저한테 사실은 좀 비꼬는 문자도 오고 그럽니다. 너 당신 그렇게 열심히 해봐야 안 바뀌어. 뭐 이렇게 저를 비아냥 가리는 것도 꽤 와요. 그래서 저는 아니라고 생각합니다. 그래도 최소한 공공 분야든 아니면 뭐 그 정말 안전 조치를 안 하면 회사가 망할 정도가 아닌 충분히 할 수 있는 뭐 큰 기업이라든지 이런 데는 저는 노력할 거라고 생각하고 노력을 하면 좀 줄어들 거라고 생각하거든요.""}, {""id"": 23, ""speaker"": 1, ""start_time"": 310.436, ""confidence"": 0.97, ""text"": ""물론 뭐 줄어들고 있는지는 모르겠어 통계적으로 나중에 해봐야 알겠지만. 네. 근데 이렇게 뻔히 예측되는 사망 사고가 계속 방치돼서 사람이 죽어 나간다고 하는 게 이게 아니 세계 10대 경제 강국이고 무슨 뭐 5대 군사 강국이고 무슨 국민 소득이 무슨 뭐 일본을 앞서고 그런다는 나라가 어떻게 일하다 죽게 방치하냐 이거 공공 분야에서 더군다나 선도해야 될 공공 분야가. 지금 몇 달이 됐는데. 그 그래프 하나 만들어 줘 보세요.""}, {""id"": 24, ""speaker"": 2, ""start_time"": 344.116, ""confidence"": 0.99, ""text"": ""알겠습니다.""}, {""id"": 25, ""speaker"": 1, ""start_time"": 344.606, ""confidence"": 0.97, ""text"": ""나한테. 지금 실제 작년치, 재작년치 통계로 보면 줄어들고 있는지 아닌지 알 수 있잖아요. 한 명이라도 덜 죽어야 정상 아닙니까?""}, {""id"": 26, ""speaker"": 2, ""start_time"": 352.166, ""confidence"": 0.98, ""text"": ""그렇습니다. 그래서 지금 아까 대통령님 말씀하신 거 추락 사고가 대표적인 재래형 사고인데 사다리 사고라든지 지붕 사고가 지금도 이제 잘 막아지진 않는데 웬만큼 규모를 갖춘 데에서는 추락 사고에 대한... 좀 줄어든 것 같긴 하더라고요. 그런 것들은 조심도 하고 실제로 기업에서는 상당히 대통령의 말씀이나 정부 정책에 대해서 수용성도 있고 하려고 하는데 지금 문제는 아까 말씀드렸듯이 우리 손에 잡히지 않는 1억 미만의 사업장에서 지금 특히 가을철에 진짜 떨어지면 죽습니다 하고 밟으면 무너집니다.""}, {""id"": 27, ""speaker"": 2, ""start_time"": 387.146, ""confidence"": 0.96, ""text"": ""밟으면 무너집니다. 위에 올라가 가지고 스레트 같은 밟아서 무너져 떨어지는 곳에 대해서는 행정력이 미치지 않는 곳에 대해서는 필요하면 프랭카드도 걸고 전국에 걸고 또 관련 단체하고도 다니면서 그런 영세 사업장에서 추락 사고 막기 위해서 지금 12월까지 집중적으로 추락 사고만 우리가 줄여보자 하고 그 그래프라든지 통계는 바로 보고드리겠습니다.""}, {""id"": 28, ""speaker"": 1, ""start_time"": 413.056, ""confidence"": 0.97, ""text"": ""바로 좀 해 주세요.""}, {""id"": 29, ""speaker"": 2, ""start_time"": 413.876, ""confidence"": 0.96, ""text"": ""네네.""}, {""id"": 30, ""speaker"": 1, ""start_time"": 414.146, ""confidence"": 0.98, ""text"": ""좀 실제로 어떤가 한번 꼭 제가 눈으로 보고 싶고요. 알겠습니다. 하여튼 공공 분야부터 이 불법 하도급 절대로 못 하게 하십시오. 그렇게 예, 하도급을 넘기고 넘기다 보니까 실제 비용이 적어져 가지고 실제 공사 사업할 때는 비용이 부족해서 그런 거 아끼는 거잖아요.""}, {""id"": 31, ""speaker"": 2, ""start_time"": 431.896, ""confidence"": 0.96, ""text"": ""결국 적정 공사, 적정 공사 비용이 안 되기 때문에 그걸 벌충하려다가 사고가 발생하는 거다.""}, {""id"": 32, ""speaker"": 1, ""start_time"": 437.496, ""confidence"": 0.94, ""text"": ""그리고 어, 저 전에도 한번""}]",gemini,2025-10-27 10:47:17,전주MBC News,27310.0,2025-10-21,"## 회의록 요약

### 1. 주요 논의 주제
- **산업재해 사망 사고, 특히 추락 사고의 심각성**: 좀처럼 줄어들지 않는 산재 사망 사고, 그중에서도 사다리, 지붕 등에서 발생하는 예측 및 예방 가능한 추락 사고 문제에 대해 집중적으로 논의함.
- **공공 발주 사업의 안전 문제**: 민간 분야뿐만 아니라 모범을 보여야 할 공공 분야에서조차 기본적인 안전 조치 미비로 인한 사망 사고가 발생하는 현실을 강하게 질책함.
- **사고의 근본 원인**: 비용 절감을 위한 안전 조치 미이행과 다단계 하도급으로 인한 공사 비용 부족 문제를 주요 원인으로 지적함.

### 2. 주요 결정 사항
- **공공 분야 책임 강화**: 공공 발주 사업에서 예방 가능한 중대재해가 발생할 경우, **기관장 해임 건의**가 가능하도록 법 개정을 추진하기로 함.
- **발주처 책임 명확화**: 단순히 공사를 발주하는 것에서 끝나는 것이 아니라, 발주처의 안전 책임을 명확히 하고 강화하기로 함.
- **불법 하도급 근절**: 공공 분야부터 불법 다단계 하도급을 엄격히 금지하여 적정 공사 비용을 확보하고 안전 투자를 유도하기로 함.

### 3. 액션 아이템
- **[노동부 장관]** 산재 사망 사고, 특히 추락 사고 관련 통계 및 추이 그래프를 즉시 작성하여 보고할 것.
- **[노동부]** 12월까지 영세 사업장을 중심으로 **추락 사고 예방 집중 캠페인**을 전개할 것.

### 4. 중요한 발언이나 의견
- **(화자 1)** ""사람이 일을 하다 죽으면 안 된다는 것은 아주 기본적이고 초보적인 원리다. 떨어질 위험이 있는 곳에서 안전 조치를 안 하는 것은 사람이 죽어도 괜찮다고 말하는 것과 같다. 특히 모범을 보여야 할 공공 분야에서 이런 일이 발생하는 것은 용납할 수 없다.""
- **(화자 1)** ""세계 10대 경제 강국이라는 나라가 일하다 사람이 죽게 방치하는 것은 말이 안 된다. 책임자를 엄중히 문책해야 한다.""
- **(화자 2)** ""공공 분야에서부터 모범을 보이도록 발주처의 책임을 강화하고, 사고 발생 시 기관장 해임 건의까지 가능하도록 법 개정을 검토하겠다.""
- **(화자 2)** ""대규모 사업장에서는 추락 사고가 줄어드는 경향이 있으나, 행정력이 미치기 어려운 1억 미만 영세 사업장에서 사고가 빈발하고 있어 이에 대한 집중 관리가 시급하다.""",59.3553569316864
https://youtu.be/6UmybsRYGco?si=iamueqPkd1Ec4z4K,6UmybsRYGco,"공공분야에 단단히 화난 이재명 대통령 ""아주 엄히 책임을 묻도록 하십시오!""",,mp3\공공분야에 단단히 화난 이재명 대통령 ＂아주 엄히 책임을 묻도록 하십시오!＂-6UmybsRYGco.mp3,"[{""id"": 0, ""speaker"": 1, ""start_time"": 0.1, ""confidence"": 0.97, ""text"": ""주시길 바라고요. 노동부 장관님.""}, {""id"": 1, ""speaker"": 2, ""start_time"": 4.25, ""confidence"": 0.98, ""text"": ""네.""}, {""id"": 2, ""speaker"": 1, ""start_time"": 5.15, ""confidence"": 0.98, ""text"": ""산재 사망 사고는 좀 어떻게 좀 줄어들고 있어요?""}, {""id"": 3, ""speaker"": 2, ""start_time"": 9.95, ""confidence"": 0.96, ""text"": ""뭐 특별하게 줄어들진 않지만 대형 사고들은 계속""}, {""id"": 4, ""speaker"": 1, ""start_time"": 16.85, ""confidence"": 0.97, ""text"": ""제가 계속 매일매일 보고를 받아보는데 이 공공 발주 사업에서도 그 터무니 없는 사망 사고가 발생하는 경우가 있더라고요?""}, {""id"": 5, ""speaker"": 2, ""start_time"": 31.1, ""confidence"": 0.97, ""text"": ""네, 그래 가지고 지난번 추석 전에 우리 국조 상황 국정 상황실장님과 함께 인천 환경공단 공공 분야도 한번 점검을 했고 또 발주처에 대한 요번 지난번 대책에도 발주처에 대한 어떤 책임성을 강화하는 내용들이 들어가 있습니다.""}, {""id"": 6, ""speaker"": 1, ""start_time"": 46.25, ""confidence"": 0.98, ""text"": ""제가 그 다른 부처들도 마찬가지인데 민간 분야도 마찬가지입니다만 한번 생각을 해 보십시오. 사람이 일을 하다 죽으면 안 된다. 이건 누구나 알고 있는 거고. 일하다 죽으면 그 가족들은 어떻게 되겠으며 그 먹고 살아보겠다고 일하러 갔다가 죽으면 안 되잖아요.""}, {""id"": 7, ""speaker"": 1, ""start_time"": 67.2, ""confidence"": 0.98, ""text"": ""아주 기본적이고 초보적인 원리 아닙니까?""}, {""id"": 8, ""speaker"": 1, ""start_time"": 73.2, ""confidence"": 0.97, ""text"": ""근데 그중에서 보면 추락사고 있잖아요, 추락사고. 이거는 아주 전형적인 산재 사망 유형인데 뭐 다른 거 예를 들면 뭐 불의의 교통사고를 당한다든지 뭐 뭐 뭐가 무너져 가지고 갈렸다든지 뭐 그런 거는 뭐 우발적 요소나 어쩔 수 없는 요소들이 있다고 치더라도 떨어지면 죽는다. 떨어질 위험성이 있는 장소에서 일하면 떨어질 위험을 최소화하든지 없애야 된다.""}, {""id"": 9, ""speaker"": 1, ""start_time"": 106.85, ""confidence"": 0.98, ""text"": ""그 상식이 아닙니까?""}, {""id"": 10, ""speaker"": 2, ""start_time"": 109.1, ""confidence"": 0.99, ""text"": ""그렇습니다.""}, {""id"": 11, ""speaker"": 1, ""start_time"": 109.85, ""confidence"": 0.96, ""text"": ""그런데 사다리 올라가서 떨어지는 거 최근에 내가 많이 봤고요. 네. 이런 데 천장에 뭐 공사하느라고 사다리 설치하고 올라가다가 가서 하다가 뭐 5, 6m 3, 4m, 90m에 떨어져 죽었다고 해요. 또 뭐 어디 저 뭐 천장이나 이런 데 지붕에 올라갔다가 지붕이 무너져서 떨어져서 죽었다 그럴 거. 이런 것도 많고. 어디 뭐 난간에서 떨어졌다 이런 것도 많고.""}, {""id"": 12, ""speaker"": 1, ""start_time"": 134.8, ""confidence"": 0.97, ""text"": ""그 작업한 유형별로 보면 아, 요거 위험하구나. 그 충분히 알 수 있잖아요.""}, {""id"": 13, ""speaker"": 2, ""start_time"": 141.0, ""confidence"": 0.95, ""text"": ""예, 추락사고""}, {""id"": 14, ""speaker"": 1, ""start_time"": 141.65, ""confidence"": 0.98, ""text"": ""아니 사다리에서 올라가 떨어질 것 같으면 밑에 매트 깔아야 되는 거 아닙니까? 그 매트 깔라고 돼 있죠, 법에.""}, {""id"": 15, ""speaker"": 2, ""start_time"": 148.6, ""confidence"": 0.99, ""text"": ""네.""}, {""id"": 16, ""speaker"": 1, ""start_time"": 150.8, ""confidence"": 0.98, ""text"": ""어디 예를 들면 높은 데서 작업하다 떨어졌다. 그러면 높은 지역이면 어디다 안전고리 걸고 있으라고 법에 돼 있죠?""}, {""id"": 17, ""speaker"": 2, ""start_time"": 158.8, ""confidence"": 0.99, ""text"": ""그렇습니다.""}, {""id"": 18, ""speaker"": 1, ""start_time"": 159.8, ""confidence"": 0.97, ""text"": ""안전고리를 걸 수 없으면 다른 추락 방지 시설을 하게 돼 있죠. 밑에 매트를 깔든지 망을 달아 놓든지""}, {""id"": 19, ""speaker"": 2, ""start_time"": 165.9, ""confidence"": 0.95, ""text"": ""추락방지망. 예. 추락 방지망. 네, 안전 난간.""}, {""id"": 20, ""speaker"": 1, ""start_time"": 169.35, ""confidence"": 0.98, ""text"": ""그걸 왜 안 하는 겁니까, 도대체? 사람은 죽어도 괜찮다 그러고 일 시키는 거죠. 그런데 이게 아 민간 분야에서는 아직도 좀 문화가 전환 안 되려면 시간이 걸린다 치더라도 공공 분야에서 그런 일이 벌어진다는 거 상상할 수 있습니까? 있을 수 없잖아요.""}, {""id"": 21, ""speaker"": 2, ""start_time"": 188.1, ""confidence"": 0.99, ""text"": ""네.""}, {""id"": 22, ""speaker"": 1, ""start_time"": 189.5, ""confidence"": 0.97, ""text"": ""아니 공공 분야에서 국민들 더 잘 살게 하자고 있는 게 공공 분야인데, 어디 사람을 죽이는 일을 합니까? 그게 어떻게 안 줄어드냐. 이 앞으로 그 공공 분야의 이런 예측 가능한 사망 사고, 특히 추락 사고 이런 거. 그 뻔히 예측할 수 있단 말이에요.""}, {""id"": 23, ""speaker"": 1, ""start_time"": 212.0, ""confidence"": 0.96, ""text"": ""아니 사다리 타고 올라가서 천장을 수리하면 사다리에서 떨어져 죽을 수 있으면 밑에 매트를 깔으라고 돼 있는데 왜 안 깔고 작업하는 거야, 도대체? 그걸 왜 공공 부문도 그걸 방치하냐 이 말이에요. 하도급 도급 주고 하도급 주면 그만입니까?""}, {""id"": 24, ""speaker"": 2, ""start_time"": 227.5, ""confidence"": 0.97, ""text"": ""그래서 공공 분야에서부터 모범을 보여야 되는데 말씀 주신 것과 같이 이제 만약에 공공 분야에서 그런 충분히 예측 가능하고 예방 가능한 사고가 났을 때는 기관장 해임 건의할 수 있도록 기재부와 협의해서 법 개정을 생각입니다.""}, {""id"": 25, ""speaker"": 1, ""start_time"": 240.85, ""confidence"": 0.98, ""text"": ""그 책임자를 아주 엄히 책임을 묻도록 가십시오.""}, {""id"": 26, ""speaker"": 2, ""start_time"": 247.45, ""confidence"": 0.98, ""text"": ""공공 부분에서부터 더 엄하게 하겠습니다.""}, {""id"": 27, ""speaker"": 1, ""start_time"": 251.85, ""confidence"": 0.97, ""text"": ""아니 뭐 돈 벌기 위해서 사실 안전 조치 안 하고 그 비용을 아낀다라고 사고가 나는 게 주 원인인데, 민간 분야는 뭐 이해되는 건 아니지만 공공 분야는 돈 버는 데가 아니잖아요.""}, {""id"": 28, ""speaker"": 2, ""start_time"": 265.4, ""confidence"": 0.96, ""text"": ""그렇습니다. 그래서 발주 아까 대통령님 말씀처럼 발주만 주면 그만이 아니고 발주처에 대한 책임을 명확하게 해 가지고 어 더 주의시키고 공공 분야에서부터 모범을 보이도록 하겠습니다.""}, {""id"": 29, ""speaker"": 1, ""start_time"": 277.6, ""confidence"": 0.97, ""text"": ""저는 이렇게 정부에서 저한테 사실은 좀 비꼬는 문자도 오고 그럽니다. 당신은 그렇게 열심히 해 봐야 안 바뀌어. 이렇게 저를 비아냥거리는 것도 꽤 와요. 그래서 저는 아니라고 생각합니다.""}, {""id"": 30, ""speaker"": 1, ""start_time"": 292.3, ""confidence"": 0.97, ""text"": ""그래도 최소한 공공 분야든 아니면 뭐 그 정말 안전 조치를 안 하면 회사가 망할 정도가 아닌 충분히 할 수 있는 뭐 큰 기업이라든지 이런 데는 저는 노력할 거라고 생각하고 노력을 하면 좀 줄어들 거라고 생각했거든요.""}, {""id"": 31, ""speaker"": 1, ""start_time"": 310.5, ""confidence"": 0.96, ""text"": ""물론 뭐 줄어들고 있는지 모르겠 통계적으로 나중에 해 봐야 알겠지만""}, {""id"": 32, ""speaker"": 2, ""start_time"": 313.9, ""confidence"": 0.98, ""text"": ""네.""}, {""id"": 33, ""speaker"": 1, ""start_time"": 314.65, ""confidence"": 0.96, ""text"": ""근데 이렇게 뻔히 예측되는 사망 사고가 계속 방치돼서 사람이 죽어 나간다고 하는 게 이게 아니, 세계 10대 경제 강국이고 무슨 뭐 5대 군사 강국이고 무슨 국민 소득이 무슨 뭐 일본을 앞서고 그런다는 나라가 어떻게 일하다 죽게 방치하냐 이거예요. 공공 분야에서 더군다나. 선도해야 될 공공 분야가.""}, {""id"": 34, ""speaker"": 1, ""start_time"": 339.15, ""confidence"": 0.98, ""text"": ""지금 몇 달이 됐는데 그래도 그 그래프 하나 만들어 줘 보세요.""}, {""id"": 35, ""speaker"": 2, ""start_time"": 344.1, ""confidence"": 0.99, ""text"": ""알겠습니다.""}, {""id"": 36, ""speaker"": 1, ""start_time"": 344.65, ""confidence"": 0.97, ""text"": ""저한테. 지금 실제 작년치, 재작년치 통계로 보면 줄어들고 있는지 아닌지 알 수 있잖아요. 한 명이라도 덜 죽어야 정상 아닙니까?""}, {""id"": 37, ""speaker"": 2, ""start_time"": 352.1, ""confidence"": 0.98, ""text"": ""그렇습니다.""}, {""id"": 38, ""speaker"": 2, ""start_time"": 352.95, ""confidence"": 0.96, ""text"": ""그래서 지금 아까 대통령님 말씀하신 거 추락 사고가 대표적인 재래형 사고인데 사다리 사고라든지 지붕 사고가 지금도 이제 잘 막아지진 않는데 웬만큼 규모를 갖춘 데에서는 추락 사고에 대한 좀 줄어든 것 같긴 하더라고요. 그런 것들은 조심도 하고 실제로 기업에서는 상당히 대통령의 말씀이나 정부 정책에 대해서 수용성도 있고 하려고 하는데""}, {""id"": 39, ""speaker"": 2, ""start_time"": 376.65, ""confidence"": 0.95, ""text"": ""지금 문제는 아까 말씀드렸듯이 우리 손에 잡히지 않는 1억 미만의 사업장에서 지금 특히 가을철에 진짜 떨어지면 죽습니다 하고 밟으면 무너집니다. 밟으면 무너집니다. 위에 올라가 가지고 슬레이트 같은 거 밟아서 무너져 떨어지는 곳에 대해서는 행정력이 미치지 않는 곳에 대해서는 필요하면 플랭카드도 걸고 전국에 걸고 또 관련 단체하고도 다니면서 그런 영세 사업장에서 추락 사고 막기 위해서 지금 12월까지 집중적으로 추락 사고만 우리가 줄여보자 하고""}, {""id"": 40, ""speaker"": 2, ""start_time"": 408.95, ""confidence"": 0.98, ""text"": ""그 그래프라든지 통계는 바로 보고드리겠습니다.""}, {""id"": 41, ""speaker"": 1, ""start_time"": 413.15, ""confidence"": 0.97, ""text"": ""바로 좀 해 주세요. 좀 실제로 어떤가 한번 꼭 제가 눈으로 보고 싶고요.""}, {""id"": 42, ""speaker"": 2, ""start_time"": 418.1, ""confidence"": 0.99, ""text"": ""알겠습니다.""}, {""id"": 43, ""speaker"": 1, ""start_time"": 418.65, ""confidence"": 0.98, ""text"": ""하여튼 공공 분야부터 이 불법 하도급 절대로 못 하게 하십시오.""}, {""id"": 44, ""speaker"": 2, ""start_time"": 422.25, ""confidence"": 0.99, ""text"": ""그렇게 하겠습니다.""}, {""id"": 45, ""speaker"": 1, ""start_time"": 423.1, ""confidence"": 0.96, ""text"": ""이게 하도급을 넘기고 넘기다 보니까 실제 비용이 적어져가지고 실제 공사 사업할 때는 비용이 부족해서 그런 거 아끼는 거잖아요.""}, {""id"": 46, ""speaker"": 2, ""start_time"": 431.8, ""confidence"": 0.97, ""text"": ""결국 적정 공사, 적정 공사 비용이 안 되기 때문에 그걸 벌충하려다가 사고가 발생되는 겁니다.""}, {""id"": 47, ""speaker"": 1, ""start_time"": 437.8, ""confidence"": 0.92, ""text"": ""그리고 저 전에다 말씀""}]",gemini,2025-10-27 10:55:25,전주MBC News,27311.0,2025-10-21,,97.33324599266052
https://youtu.be/J4vEoFVcguw?si=00u2Wct55ZpchiLT,J4vEoFVcguw,청담동 유명 고깃집 된장찌개 따라하기 1분 초간단 레시피,,mp3\청담동 유명 고깃집 된장찌개 따라하기 1분 초간단 레시피-J4vEoFVcguw.mp3,"[{""id"": 0, ""speaker"": 1, ""start_time"": 0.104, ""confidence"": 0.98, ""text"": ""안녕, 1분 요리 뚝딱이 형이야. 오늘 메뉴 청담동에서 엄청 유명한 고깃집에 된장찌개 따라하기. 바로 시작한다.""}, {""id"": 1, ""speaker"": 1, ""start_time"": 8.444, ""confidence"": 0.97, ""text"": ""냄비에 식용유 한 숟가락을 넣고 된장과 쌈장을 세 숟가락씩 넣고 약한 불에서 기름에 볶아줘. 중간에 고추장 한 숟가락도 같이 넣어서 볶아줘. 여기에 종이컵으로 물 두 컵을 넣을 거야. 물이 끓으면 애호박을 조금 썰어서 넣어 줄 거야. 양파도 반에 반 개 썰어서 넣어줘.""}, {""id"": 2, ""speaker"": 1, ""start_time"": 35.104, ""confidence"": 0.98, ""text"": ""두부도 반 모 넣어 줄 거야. 한 입 크기로 잘라서 넣어 주면 돼. 냉장고에 버섯이 있으면 넣어줘. 마지막으로 대파를 썰어서 넣어줘.""}, {""id"": 3, ""speaker"": 1, ""start_time"": 45.104, ""confidence"": 0.97, ""text"": ""여기서 음식점 맛을 내고 싶으면 멸치 다시다 반 숟가락을 넣으면 돼. 여기서 더 맛있게 먹고 싶으면 차돌박이나 대패삼겹살을 넣어줘. 고깃집 된장찌개 끝.""}, {""id"": 4, ""speaker"": 2, ""start_time"": 55.764, ""confidence"": 0.95, ""text"": ""아, 너무 맛있겠다.""}, {""id"": 5, ""speaker"": 1, ""start_time"": 57.564, ""confidence"": 0.98, ""text"": ""많이 먹어 잼민아. 다음에 또 만나자. 뚝딱.""}]",gemini,2025-10-27 12:56:29,1분요리 뚝딱이형,3314463.0,2021-07-24,"## 회의록 요약

다음은 제공된 회의록 내용을 요약한 것입니다.

### 1. 주요 논의 주제
- 청담동 유명 고깃집 스타일의 '된장찌개' 레시피 공유

### 2. 주요 결정 사항 (레시피)
- **기본 조리법:**
    1. 식용유에 된장, 쌈장, 고추장을 넣고 볶는다.
    2. 물을 넣고 끓으면 애호박, 양파, 두부, 버섯, 대파 순으로 넣는다.
- **맛 향상 비법:**
    - 식당 맛을 내려면 '멸치 다시다'를 추가한다.
    - 더 깊은 맛을 원하면 '차돌박이'나 '대패삼겹살'을 추가한다.

### 3. 액션 아이템
- **참석자 (잼민이):** 공유된 레시피를 활용하여 된장찌개를 조리하고 시식한다.

### 4. 중요한 발언이나 의견
- **핵심 팁 (화자 1):** ""음식점 맛을 내고 싶으면 멸치 다시다 반 숟가락을 넣으면 돼.""
- **참석자 의견 (화자 2):** ""(완성된 요리를 보고) 아, 너무 맛있겠다.""",21.57425355911255
https://youtu.be/T_wR2dTwV6k?si=udGUBhwUxhR37-Mb,T_wR2dTwV6k,부대찌개는 안 사먹습니다. 내가 만든 게 더 맛있으니까...,,mp3\부대찌개는 안 사먹습니다. 내가 만든 게 더 맛있으니까...-T_wR2dTwV6k.mp3,"[{""id"": 0, ""speaker"": 1, ""start_time"": 0.158, ""confidence"": 0.98, ""text"": ""내가 끓인 부대찌개를 먹어 본 사람들은 모두 똑같이 말하더라고.""}, {""id"": 1, ""speaker"": 2, ""start_time"": 3.7279999999999998, ""confidence"": 0.97, ""text"": ""뭐라고요?""}, {""id"": 2, ""speaker"": 1, ""start_time"": 4.478, ""confidence"": 0.98, ""text"": ""이거 어디서 파는 건지 항상 물어본단다. 그래서 사 먹는 것보다 더 맛있는 부대찌개 알려 줄게. 시작. 밖에서 사 먹는 부대찌개가 집에서 먹는 거랑 다른 이유는 첫 번째로는 사용하는 소세지가 다르단다.""}, {""id"": 3, ""speaker"": 2, ""start_time"": 16.358, ""confidence"": 0.97, ""text"": ""어떻게 다른데요?""}, {""id"": 4, ""speaker"": 1, ""start_time"": 17.288, ""confidence"": 0.98, ""text"": ""한국 마트에서 파는 소세지 말고 닭고기를 포함하고 있는 외국 소세지를 사용해야 그 맛이 나오는데, 대표적으로 슈페리어 소세지나 콩킹 소세지를 사용하면 똑같은 맛을 낼 수 있을 거야. 그리고 소세지를 자를 때는 여러 가지 모양으로 잘라 주면 마치 여러 가지 소세지가 들어간 느낌을 줄 수 있단다. 그 맛이 안 나는 두 번째 이유로는 시판용 부대찌개에는 그라운드 미트라는 게 들어가는데,""}, {""id"": 5, ""speaker"": 2, ""start_time"": 39.108, ""confidence"": 0.97, ""text"": ""이게 뭔데?""}, {""id"": 6, ""speaker"": 1, ""start_time"": 39.878, ""confidence"": 0.98, ""text"": ""돼지고기 민찌와 소민찌 그리고 각종 조미료를 섞어서 만든 고기란다. 근데 이것까지 사라고 하면 안 따라 할 것 같아서 비닐봉지에 작은 스팸 3분의 1통을 넣고 으깨준 다음 돼지고기 민찌와 섞어서 사용할 거야. 그리고 봉지에 양파 반개를 강판에 갈아서 넣어 준 다음""}, {""id"": 7, ""speaker"": 2, ""start_time"": 55.368, ""confidence"": 0.96, ""text"": ""강판 없으면 그냥 칼로 다져서 넣어도 돼요?""}, {""id"": 8, ""speaker"": 1, ""start_time"": 58.348, ""confidence"": 0.98, ""text"": ""다진 마늘, 된장, 고추장, 고춧가루, 국간장 혹은 조선간장이라고 적힌 한식간장, 미림, 순후추, 소고기 다시다를 넣고 봉지째로 잘 섞어 줘. 이 상태로 바로 끓여 먹어도 맛있지만 봉지째 냉장고에 넣고 한 세 시간 정도 숙성했다가 먹으면 더 맛있게 먹을 수 있단다. 이제 부대찌개에 들어가는 재료들을 손질할 거야. 먼저 대파부터 손질을 할 건데 굵은 부분들은 이렇게 십자로 잘라 주면 되고 얇은 부분은 그냥 반으로 갈라 잘라줘.""}, {""id"": 9, ""speaker"": 1, ""start_time"": 84.258, ""confidence"": 0.98, ""text"": ""그리고 한 입 크기로 잘라 줄 거야. 이번에는 버섯을 손질할 거야. 느타리 버섯의 얇은 부분은 하나씩 하나씩 손으로 뜯어 주면 되고 굵은 부분은 손톱을 이용해서 찢어줘. 팽이버섯은 밑동을 잘라내면 버섯 손질은 끝이란다.""}, {""id"": 10, ""speaker"": 1, ""start_time"": 97.288, ""confidence"": 0.98, ""text"": ""그리고 신김치를 조금 다져 줄 거야. 마지막으로 청양고추를 취향껏 다져준 다음 찌개용 두부 한 모를 한 입 크기로 잘라줘.""}, {""id"": 11, ""speaker"": 2, ""start_time"": 104.488, ""confidence"": 0.97, ""text"": ""형, 찌개에 부침용 두부를 넣으면 안 되는 건가요?""}, {""id"": 12, ""speaker"": 1, ""start_time"": 107.898, ""confidence"": 0.98, ""text"": ""그게 불법도 아니고 왜 안 되겠니? 그게 상관은 없단다. 이제 방금 손질한 재료들을 모두 냄비에 넣어 줄 거야. 보기 좋은 게 먹기도 좋다고 냄비에 재료들을 예쁘게 플레이팅을 하는 사람들이 있는데 이게 진짜 부질없는 짓이란다.""}, {""id"": 13, ""speaker"": 2, ""start_time"": 121.028, ""confidence"": 0.97, ""text"": ""왜요?""}, {""id"": 14, ""speaker"": 1, ""start_time"": 121.548, ""confidence"": 0.98, ""text"": ""어차피 나중에 가면 다 섞어서 먹을 거야.""}, {""id"": 15, ""speaker"": 2, ""start_time"": 123.758, ""confidence"": 0.97, ""text"": ""형, 근데 버섯을 안 씻고 넣어도 되는 건가요?""}, {""id"": 16, ""speaker"": 1, ""start_time"": 126.958, ""confidence"": 0.98, ""text"": ""버섯은 대표적인 친환경 식품으로 농약을 전혀 사용하지 않고 재배하기에 겉면에 붙어 있는 먼지만 털고 사용하거나 그냥 먹어도 전혀 문제가 되지 않는단다. 마지막으로 시판용 사골곰탕 한 팩과 물을 부어줘. 그리고 여기서부터는 진짜 취향 차이인데 베이크드 빈스라는 강낭콩 통조림을 넣어도 되고""}, {""id"": 17, ""speaker"": 2, ""start_time"": 145.218, ""confidence"": 0.96, ""text"": ""이게 있어야 부대찌개지.""}, {""id"": 18, ""speaker"": 1, ""start_time"": 146.748, ""confidence"": 0.98, ""text"": ""나도 그렇게 생각하는데 저 콩이 은근히 호불호가 갈리더라고. 그리고 부대찌개 말고는 딱히 사용할 곳도 없어서 남은 걸 처리하기도 애매할 거야. 라면사리를 넣어도 되고""}, {""id"": 19, ""speaker"": 2, ""start_time"": 156.138, ""confidence"": 0.97, ""text"": ""아니, 라면사리는 취향이 아니라 필수잖아.""}, {""id"": 20, ""speaker"": 1, ""start_time"": 159.108, ""confidence"": 0.98, ""text"": ""치즈를 넣어서 먹어도 된단다.""}, {""id"": 21, ""speaker"": 2, ""start_time"": 160.718, ""confidence"": 0.97, ""text"": ""치즈는 먹다가 중간에 추가하는 걸 추천드려요.""}, {""id"": 22, ""speaker"": 1, ""start_time"": 164.118, ""confidence"": 0.98, ""text"": ""모든 재료를 넣고 오래 끓일 필요 없이 딱 5분에서 10분 정도만 끓여주면 부대찌개 끝.""}, {""id"": 23, ""speaker"": 2, ""start_time"": 169.738, ""confidence"": 0.97, ""text"": ""형, 근데 이건 몇 인분인가요?""}, {""id"": 24, ""speaker"": 1, ""start_time"": 172.018, ""confidence"": 0.98, ""text"": ""성인 남성 기준 세 명에서 배부르게 먹더라고. 뚝딱.""}, {""id"": 25, ""speaker"": 1, ""start_time"": 175.828, ""confidence"": 0.98, ""text"": ""친절한 뚝딱이 형 채널에 올라오는 레시피들은 내 책에 나오는 검증된 레시피를 우선적으로 올릴 예정이란다. 일본 요리 뚝딱이 형 레시피북을 가지고 따라 한다면 더욱 편하게 따라 할 수 있을 거야.""}]",gemini,2025-10-27 13:05:22,친절한 뚝딱이형,148766.0,2025-04-01,"## 부대찌개 레시피 회의록 요약

다음은 '사 먹는 것보다 맛있는 부대찌개' 레시피에 대한 논의를 요약한 내용입니다.

### 1. 주요 논의 주제
- 집에서 전문점 수준의 맛을 내는 부대찌개 비법 및 전체 조리 과정 공유

### 2. 주요 결정 사항
*   **핵심 재료 선정:**
    *   **소시지:** 일반 소시지 대신 닭고기가 포함된 외국 소시지(예: 슈페리어, 콩킹)를 사용한다.
    *   **고기:** '그라운드 미트'를 대체하기 위해, 으깬 스팸과 돼지고기 민찌를 섞어 사용한다.
    *   **육수:** 시판용 사골곰탕과 물을 혼합하여 사용한다.
*   **양념장 제조:**
    *   으깬 스팸, 돼지고기 민찌, 간 양파에 다진 마늘, 된장, 고추장, 고춧가루, 국간장, 미림, 후추, 소고기 다시다를 넣어 양념을 만든다.
    *   양념은 3시간 정도 냉장 숙성 시 풍미가 더욱 좋아진다.
*   **조리 시간:**
    *   모든 재료를 넣고 5분에서 10분 사이로 짧게 끓여 완성한다.
*   **분량:**
    *   해당 레시피는 성인 남성 3인분 기준이다.

### 3. 액션 아이템 (조리 순서)
1.  **소시지 손질:** 외국 소시지를 다양한 모양으로 자른다.
2.  **고기 양념 제작:** 비닐봉지에 스팸, 돼지고기 민찌, 간 양파 및 각종 양념을 넣고 섞어준다. (선택: 3시간 냉장 숙성)
3.  **채소 및 재료 손질:** 대파, 버섯(느타리, 팽이), 신김치, 청양고추, 두부를 먹기 좋은 크기로 손질한다.
4.  **끓이기:**
    *   냄비에 손질한 모든 재료를 넣는다.
    *   사골곰탕과 물을 붓는다.
    *   취향에 따라 베이크드 빈스, 라면 사리, 치즈 등을 추가한다.
    *   5~10분간 끓여 완성한다.

### 4. 중요한 발언이나 의견
*   **맛의 비결:** ""밖에서 사 먹는 부대찌개 맛의 핵심은 사용하는 소시지와 '그라운드 미트'에 있다."" (화자 1)
*   **재료 관련 팁:**
    *   두부는 부침용과 찌개용 중 어떤 것을 사용해도 무방하다.
    *   버섯은 농약 없이 재배되므로, 먼지만 털어내고 씻지 않고 사용해도 괜찮다.
    *   냄비에 재료를 예쁘게 담는 것은 어차피 섞이므로 크게 의미 없다.
*   **취향에 따른 재료 추가 의견:**
    *   **베이크드 빈스:** 호불호가 갈리는 재료이므로 선택적으로 사용한다.
    *   **라면 사리:** 취향이 아닌 필수 재료에 가깝다. (화자 2)
    *   **치즈:** 처음부터 넣기보다 먹는 중간에 추가하는 것을 추천한다. (화자 2)",52.02751564979553
