index,speaker,text
1,1,서울을 중심으로 대규모 확진자가 발생하면서 서울시는 기존 (십이 종의)/(12종의) 고 위험 시설에 대한 운영 중단 그리고 규모가 큰 대면 집합 모임 행사를 금지하는 조치를 취하기로 했습니다. 운영이 중단되는 고 위험 시설은요 유흥 주점과 헌팅포차 노래연습장신뢰집단 운동 시설 판매 홍보관 대형 학원 뷔페 (피씨방)/(PC방) 등인데요. (코로나일구의)/(코로나19의) 확산을 막기 위한 특별 조치인 만큼 시민 여러분의 협조를 부탁드립니다 그리고 오늘 더룸은 @이름1 변호사가 아닌 새로운 얼굴이 저와 함께 하겠습니다 직접 소개해 주실까요?
2,2,네 시청자분들이 새로운 얼굴이라고 좀 봐주시면 고마울 것 같습니다 더룸 일일 진행을 맡게 된 @이름2입니다 @이름1 마스터가 개인 사정 때문에 잠시 자리를 비웠는데요. 오늘 하루 제가 우리 @이름3 마스터 옆에서 든든하게 정치 시사 현안 확실하게 짚어드리겠습니다. 그리고 그 정책이나 사회적인 문제에 대해서 국민들이 의견을 내고 또 정부의 답변을 요청하는 국민 청원에 많은 분들이 이용하고 계신데 이 국민 청원 게시판이 개설 (삼 주년을)/(3주년을) 맞았습니다. 여기에 이제 @이름4 대통령이 청문회 참여해준 국민들에게 감사의 뜻을 전하면서 국민 참여가 변화의 힘이 되어 주었다 이렇게 전했습니다. 앞으로도 이 청원이 국민과의 소통의 장으로 더욱 잘 활용되기를 기대해보겠습니다.
3,1,네 오늘 더룸 (이 부에서)/(2부에서) 는요 여야 (파이터)/(fighter) 두 분을 모시고 청와대와 @정당1 회동을 어떻게 될지 한번 얘기를 해보구요 (코로나일구)/(코로나19) 확산의 책임이 있는 @이름5 목사에 대한 정치권 입장 살펴보겠습니다 잠시 후 뵐게요. 네 오늘도 뒷얘기가 궁금한 정치 이슈들 똑 부러지게 정리를 해 드려야 될 텐데요 오마이뉴스 @이름6 기자와 함께 하겠습니다 어서오세요.
4,3,네 안녕하세요 오마이뉴스에서 야당 출입하고 있는 @이름6 기자라고 합니다.
5,1,아 야당 출입을 강조했습니다.
6,3,여당 출입이 아니라는 얘기죠 야 라는 거죠.
7,1,네 매주 수요일 다름 일부는 오마이뉴스 @이름7 기자가 원래 취재 수첩을 전하는 날인데요 오늘은 @이름6 기자가 나오셨어요 자 그 이유가 뭔지 한번 직접 설명을 들어볼까요.
8,3,네 뭐 잘 아시는 것처럼 지금 (코로나일구가)/(코로나19가) 굉장히 빠르게 확산되고 있는데 특히 나 지금 방송사 한 곳에서 확진자가 나오면서 스튜디오를 다녀갔던 이들이 모두 지금 자가 격리 상태에 있거나 검진을 받고 있지 않겠습니까.
9,1,네.
10,3,예 @이름7 오마이뉴스 기자 선배도 그 스튜디오를 이용했던 시차를 두고 이용했던 바람에 지금 집 자택에서 어쩔 수 없이 지금 나오지 못하고 있는 상황이고요. 다행히 지금 검사를 오전에 받았는데 방금 그 음성 결과가 나왔다고 합니다 그래서 음성 판정을 받았으니까 아마 다음부터는 다시 또 우리 베테랑 @이름7 기자의 얼굴을 보실 수 있을 겁니다.
11,2,그러니까 확진자를 직접 접촉한 것은 아니지만 방역 차원에서 검사 받은 거니까 또 음성 나왔다고 하니까 크게 걱정하지 않으셔도 될 것 같구요. 그래도 이 (코로나일구)/(코로나19) 지금 확산세가 굉장히 지금 심각합니다 예 교회를 중심으로 해서 (코로나일구)/(코로나19) 확진자가 급증하고 있는데 오늘 말씀하신 그 방송사 특히 (씨비에스)/(CBS) 방송사도 폐쇄됐고 서울 시청 또 이제 워터파크죠 @상호명1 뭐 @상호명2 여러 곳이 지금 다 폐쇄됐거든요 상황 한번 정리해 주실까요.
12,3,네 오늘 (영 시)/(0시) 기준의 (코로나일구)/(코로나19) 신규 확진자를 보시게 되면 일단 (이백 구십칠 명이)/(297명이) 추가가 됐습니다.
13,1,오늘 하루만요?
14,3,네 그렇습니다 (육 일간)/(6일간) 총 (천 이백 팔십팔 명이)/(1288명) 는거구요 누적 확진자는 (일만 육천 오십 팔 명이)/(16058명이) 됐습니다. 특히 나 지금 (십 구일 날)/(19일 날) (열 두 시)/(열 두 시) 기준으로 보았을 때 사랑 제일 교회와 관련해서 지금 접촉자 등을 대상으로 (백 육십 육 명이)/(166명이) 추가로 확진이 됐습니다. 사랑 제일 교회 발 누적 확진자만 (육백 이십삼 명인)/(623명인) 셈인데요 특히 나 지금 @이름5 담임 목사가 주도했던 광화문 집회 때문에 지금 첫 확진자가 나온 이후로 지금 총 (열 명이)/(10명이) 더 추가로 나왔습니다 기존 (아홉명까지)/(9명까지) 해 가지고 또 특히 나 @이름5 목사 본인 뿐만 아니라 부인과 비서까지도 지금 확진을 받은 상황인데요. 방금 말씀하신 것처럼 @상호명1 같은 경우에도 다녀간 고객이 코로나 양성 판정을 받아서 지금 전달이 됐다고 하고요. @상호명2에서도 즉각적으로 지금 확진자가 나오면서 휴장 조치에 들어갔다고 합니다.
15,1,네.
16,3,서울 시청도 본관 (이 층이)/(2층이) 지금 소속 직원이 (코로나일구)/(코로나19) 확진 판정을 받으면서 폐쇄 조치가 된 상황이고요.
17,1,네.
18,3,뭐 방금 말씀해주신 것처럼 또 라디오와 (티브이)/(TV) 방송이 나온 (씨비에스)/(CBS) 에서 언론사 중앙언론사중에선 처음으로 (@셧 다운이)/(@shutdown이) 들어갔습니다. 오늘 오전 (여섯 시부터)/(6시부터) (이십 사 시간)/(24시간) 동안 음악 방송을 지금 하고 있고요 (티브이는)/(TV는) 녹화 방송으로 대체되고 있습니다 직원들은 모두 재택 근무 상황이라고 합니다.
19,1,네 지금 @상호명3로 시청하시는 분 중에 한 분이요.
20,2,네
21,1,마스크 쓰고 방송하셔야 되는 것 아닙니까 이런 의견을 주셨는데 정말 그래야 되는 게 아닌가 싶을 정도로 상황이 사실 심각합니다. 지금 말씀하신 대로 (씨비에스)/(CBS) 방송사의 기자가 지금 확신이 되었다는 보도 이후에 방송에 출연했던 출연자들도 모두 코로나 진단 검사를 받은 걸로 나와있구요. 특히 @정당2의 @이름8 의원이 검사를 받았습니다 다행히 음성 판정이 나오면서 국회가 (@셧 다운)/(@shutdown) 되는 일은 막을 수가 있었긴 했습니다만 자 이거 어떻게 된 겁니까?
22,3,지금 @이름8 @정당2 의원 역시 (씨비에스)/(CBS) 스튜디오에 등장했던 것 때문에 (코로나일구)/(코로나19) 진단 검사 결과를 받았고요 결과를 음성 판정이 나왔습니다. 그래서 지금 @정당2도 이날 @이름8 의원의 확진 가능성에 대비해서 오늘 오전이었던 최고 위원 회의를 오후로 미루고 이제 @정당2 @이름9 의원과 @정당1 @이름10 대변인도 지금 (코로나일구)/(코로나19) 진단 검사를 받고 결과를 기다리고 있는 중입니다. 국회는 전체 (@셧 다운은)/(@shutdown은) 면한 상황이지만 지금 기자 회견장과 프레스 라운지는 (삼십 퍼센트)/(30퍼센트) 수준으로만 운영을 하겠다 라고 국회 측에서 밝힌 상황이고요.
23,1,네.
24,3,기자들의 지정 부스석도 (오십 퍼센트)/(50퍼센트) 미만으로 운영을 해 달라고 각 언론사의 권고를 한 상황입니다.
25,2,그러니까 @이름9 의원 같은 경우에는 저녁에 음성 판정을 받았다 이렇게 또 알려졌는데 @이름10 @정당1 대변인은 아직도 결과를 기다리고 있다고 그래요. 어 말씀하신 것처럼 @이름8 의원은 음성 판정을 받았습니다 그런데 @이름11 전 의원 (코로나일구)/(코로나19) 확진 판정을 받았어요 정치인 가운데 처음으로 확진이 된 건데 @이름11 전 의원 같은 경우에는 광복절 날 광화문 집회에 참석했다가 그곳에서 감염이 된 거잖아요.
26,3,예 그렇습니다 @이름11 전 의원이 (코로나일구)/(코로나19) 관련해 가지고 @상호명4에 쓴 글이 그래서 지금 논란이 되고 있는데요.
27,1,그렇죠.
28,3,좀 옮겨보면 (십칠 일에)/(17일에) 올린 글입니다 제가 화를 내며 확진 받은 사랑 제일 교회 사람들은 거기 안 갔고 야외에선 코로나 안 옮기니까 걱정 말라 빨갱이 방송 거짓말 하는 거 믿지 말라 했는데 어머니께서 계속 우신다 라고 전했습니다. 그러고 나서 이제 (십팔일에)/(18일에) 경기도 가평군에 있는 보건소에서 (코로나일구)/(코로나19) 검사를 자발적으로 받았습니다. 그런데 이제 받고 나서 이제 결과적으로 확진 판정이 나오게 되어서 지금 본인의 동선까지 공개를 한 상황이죠.
29,1,그러니까 는 광화문 집회에 참석했다 라고 하는 뉴스 보도를 보신 어머니가 @이름11 전 의원의 어머니가 전화로 안부를 물었는데 본인이 화를 냈다 나는 괜찮으니 걱정하지 말아라 가짜 뉴스 속지 말아라 이런 얘기를 하면서 그럼에도 불구하고 어쨌든 검사를 받아봤는데 확진이 됐다는 거 아니겠습니까 지금 @이름11 전 의원 이외에도 이 (코로나일구)/(코로나19) 검사 받은 의원들이 있습니다. 주로 만나는 사람들이 당시 광화문 집회 관련해서는 @정당1 의원들일 거란 말이죠 그럼 @정당1도 어떤 입장이 있을 것 같은데 어떻습니까?
30,3,일단 지금 @이름11 전 의원이 방금 말씀하신 것처럼 정치인 가운데 처음으로 확진 판정을 받은 이후에 같이 현장에 있었던 @이름12 전 의원이나 @이름13 전 의원 역시 검사를 받았고 @이름13 전 의원은 음성이 나왔다고 합니다. @이름12 전 의원이 결과를 기다리고 있고요 다만 지금 @정당1 입장에선 현역 의원은 (한 명)/(1명) 밖에 지금 참여를 하지 않은 상황인데 기본적으로는 특히 @이름11 전 의원 같은 경우에는 이미 탈당한 인사이니 만큼 과도하게 연결하는 것은 정치 공세다 라는 입장을 기본적으로 가지고 있습니다.
31,1,네.
32,3,다만 지금 @이름14 전 경기도지사도 지금 (코로나일구)/(코로나19) 관련해 가지고 구설에 올라와 있는 상황이죠.
33,1,네.
34,3,비록 현역 의원이 아닐지언정 당 내 주요 인사들이 계속해서 지금 광화문 집회와 연결되어 있기 때문에 @정당1 입장에서는 다소 곤혹스러운 표정을 보이고 있습니다.
35,2,그래요 지금 이렇게 (코로나일구가)/(코로나19가) 뭐 서울 또 국회까지 확산된 상황에서 @이름15 국무총리 서울 사랑 제일 교회에 대해서 경고 메시지를 전달 했습니다. 그 내용을 좀 살펴보면 이 사랑 제일 교회에 대해서 사랑 제일 교회에서 시작된 감염 전국적 확산이 우려되는 상황 그리고 또 교회가 정확한 명단을 제출하지 않아서 아직 진단 검사가 완료되지 못하고 있다 이렇게 얘기를 하고 있는 겁니다. 그러면서 이제 손해배상 청구액이 지금 최소 수백 억 이 될 것이다 이런 이야기들까지 나오는데 어떻습니까 이게 금액이 그렇게 커질 수 있는 걸까요?
36,3,그러니까 구상권 청구 액수는 기존 사례가 있죠 신천지의 사례를 생각을 해보면 지금 수백 억 원 대에 달할 것으로 추정되고 있습니다. 근거 없는 추정은 아니라는 얘기인데요 기본적으로 지난 (유월)/(6월) 대구시가 신천지 예수교의 @이름16 총 회장을 상대로 (천 억원)/(1000억원) 규모의 손해배상 소송을 대구 지법에 내린 상황입니다. 그 당시와 비교를 했을 때 지금 많은 언론 보도도 그렇고 통계상으로도 신천지 이상이다 그 이상으로 퍼질 가능성이 높은 상황이기 때문에 역시나 사랑 제일 교회도 그에 상응하는 정도의 구상권 청구가 가능하다 라고 보이고 있는데요. 특히 나 지금 서울시 역시 사랑 제일 교회에 구상권을 청구하겠다고 밝힌 상황이기 때문에 실질적인 조치가 취해지지 않을까 이렇게 예상 할 수 있겠습니다.
37,1,네 사랑 제일 교회는 또 관련해서 교인들이나 관련자들이 검사에도 협조하지 않고 명단도 다 허위로 돌아다니고 있다 이런 얘기가 나오기 때문에 더 상황이 심각한 것 같은데요. 이렇게 사랑 제일 교회 @이름5 목사에 대한 비판이 거세지고 있는 가운데 @이름17 경기도지사가 오늘 오전에 (티비에스)/(TBS) @이름18의 뉴스 공장에 출연했습니다. 그래서 @이름5 목사와 교회의 잘못된 행동에 대해서 일침을 가했는데 어떤 말을 했는지 한번 먼저 들어보겠습니다.
38,4,물론 일상적으로 마스크를 다 적응하는 것이 바람직해서 권고는 하지만 /(bgm) 실내 그리고 특정한 다중이 모여있는 실외에 경우 마스크를 착용하지 않으면 지금부터는 벌금 (삼백 만 원)/(300만 원) 이하의 처벌이 강제 되는 그런 의무를 부과한 것입니다. 종교계 하지만 그중에서도 이제 교회 개신교계가 주로 문제되고 또 개신교계 해도 대부분의 교회들은 규칙을 잘 지키는 데 이 @이름5 목사 같은 분들이 안 지키는 것 아닙니까? 이게 전국으로 파급 되는 정말로 이렇게 상황이 미꾸라지 표현을 하면 너무 지나칠 지 모르겠지만 소수가 다수에게 지나치게 위험한 상황을 만들어내고 있는 정말 나쁜 그리고 위험한 상황입니다. 보도 유투버들은 계속 현장에서 이제 뭐 나름의 취재도 하고 보도를 한다고 하면서 계속 쫓아다녔기 때문에 현장에 참여한 사람들 중에서 가장 노출 위험도가 높다고 봐야 되겠죠.
39,1,네 @이름17지사 말을 세게 하고 있습니다 @이름5 목사를 향해서 물론 이렇게 하면 너무 센 것 아닌가 라고 말해주고 있지만 미꾸라지라는 표현을 사실 썼습니다. 그리고 규칙을 어기지 않도록 강경하게 대응하겠다 이런 말을 했습니다 지금 경기도는 도민과 방문자 모두가 실내외에서 항상 마스크를 착용하도록 행정 명령이 내려진 상태인데 어떻습니까?
40,3,일단 @이름17 경기도지사가 이야기 한 행정 명령을 조금 더 정확하게 보자면은 일단 실내 같은 경우에는 예외가 있습니다 기본적으로 다 마스크를 써야 하지만 일상적인 사생활 혹은 식사 등의 불가피한 경우에는 예외적으로 허용하는 방향으로 되어있는 거고요 반면에 실외 같은 경우에는 다중 집합 장소에서 반드시 끼도록 되어있는 겁니다. 그러니까 실외에서 안 끼고 있다고 해서 무조건 지금 행정 명령으로 (삼백만 원)/(300만 원) 처분을 받는 것은 다만 @이름17 경기도지사가 방금 말씀하신 것처럼 상당히 좀 강하게 메시지를 내놓고 있는데 이번 (코로나일구)/(코로나19) 국면에서 @이름17 지사가 사실상 이제 @정당2의 대권주자로서 입지가 이어서 강화되고 있다 이런 분석이 많이 나오고 있지 않습니까. 경기도의 어떤 지정학적인 위치를 생각을 해서도 그렇고 또 정치적으로도 그렇고 @이름17 지사가 지금까지 해왔던 그 강한 메시지에 일관성에서 그 기류에서 또 이번 메시지가 나온 거다 이렇게 많이 볼 거 같습니다.
41,1,그렇군요.
42,2,그래서 뭐 지지하는 분들은 뭐 시원시원하다 사이다다 뭐 이런 얘기들도 하는데 지금 사랑 제일 교회가 지금 큰 문제가 되고 있잖아요 사회적으로 지탄 받는 이유들을 좀 짚어보면 교인들이 검사를 받고 양성 확진을 받은 거를 이게 방역 당국이 검사 결과가 조작 한 거다.
43,1,네 가짜 뉴스를 이렇게
44,2,뭐 이렇게 뭐 얘기들을 퍼트리고 있는 것도 있고 예 그리고 코로나 열고 감염 위험이 있는 교인들이 이 법원 앞에서 교회를 지키겠다 면서 시위를 하고 있고요. 또 교회가 지금 명도 소송에 져서 언제 철거될지 모르니까 그 교회 안에서도 뭐 방역 하러 오는 사람들 아니면 공무원들 폭행 하고 욕설하고 이런 일들이 계속 벌어지고 있습니다.
45,1,목숨 걸고 지킨다 이런 얘기까지 나오고 있죠.
46,2,또 여기다가 이제 확진 판정 받은 교인들 중에서 탈출한 사람들 얘기가 계속 나오고 있단 말이에요. 그러니까 확진됐으면 의료진 만나서 치 치료를 해야 될텐데 왜 이렇게 탈출하는 겁니까?
47,3,이게 그 가짜 뉴스의 위력이 너무 커서 지금 보건 당국이 상당히 곤란해 하고 있는 것 같습니다 사랑 제일 교회에서 예배에 참석한 후 (코로나일구)/(코로나19) 확진 판정을 받은 교인 (두 명이)/(2명이) 잇따라 달아나는 사건이 있었던 건데요. 경기도 의료원 파주 병원에서 격리 치료 중 달아났던 (오십 대는)/(50대는) 도주 하루를 넘겨 (이십 오 시간 여)/(25시간 여) 만에 경찰에 붙잡히게 됐습니다. 재 검사를 진행하기로 했고요. @이름19 파주 시장은 이제 (에이)/(A) 씨를 다시 파주 병원으로 입원을 시켰는데 탈출 동기를 물어보니 김칫국에 독약을 탄다 라는 등의 비 상식적인 언급을 했다고 밝힌 상황입니다.
48,1,네
49,3,또 지금 또 다른 그 탈출자가 있었죠 지난 (십칠 일에)/(17일에) 병원 이송을 거부하면서 남편의 팔을 물어 뜯고 도주했던 경북 포항 거주 사랑 제일 교회 교인 (사십 대)/(40대) 여성 (비)/(B) 씨도 (네 시간 여 만에)/(4시간 여 만에) 검거가 됐었는데
50,2,이분이 그 성경책 들고 도주한 그 사람이죠?
51,3,네 성경책을 들고 끝까지 거부를 하다가 간 상황인데요. 역시나 지금 양성이 아닌데도 불구하고 보건 당국의 검사를 하면 무조건 사랑 제일 교회 관련 저는 이런 뉴스를 너무 강하게 믿고 있어서 벌어지는 (해프닝)/(happening) 이었습니다.
52,1,아니 그런데 사실 확진자가 너무 많이 늘어나면서 병상이 모자라 가지고 확진자 (백 십 명)/(110명) 정도가 대기 상태에 있다고 그러는데 탈출하는 분들 이러시면 안될 것 같죠. 자 하루에 수백 명 씩 (코로나일구)/(코로나19) 확진자가 발생하면서 국민들이 불안감을 호소하고 있습니다. 일부에서는 사회적 거리 두기를 지금의 (이 단계에서)/(2단계에서) (삼 단계로)/(3단계로) 격상을 하고 좀 더 강력하게 (코로나일구)/(코로나19) 확산을 막아야 되는 것 아니냐는 의견이 나오고 있는데 자 그렇다면 이에 대해서 정부 받는다면 살펴봐야 할 것 같습니다 어떻습니까?
53,3,일단 방금 말씀하셨던 것은 서울시가 마치 지금 실제로 (삼 단계)/(3단계) 격상을 고려하고 있는 것 같다는 정보지 형태 루머가 기자들 사이에 잠깐 돌았었습니다 이후에 서울시가 공식적으로 아니라고 일단 해명을 했습니다만 거리두기 (삼단계가)/(3단계가) 실제로 일어날 가능성이 상당히 높아지고 있는 상황입니다 지금 (이 주)/(2주) 평균 일일 확진자가 (백 명에서)/(100명에서) (이 백명)/(200명) 이상이고 일일 확진자 수가 두 배로 증가하는 일종의 (더블링)/(doubling) 현상이 주 (이 회)/(2회) 이상 발생할 경우 방역 역량과 유행 지역 특성 등을 고려해 방역 당국이 결정할 수 있는 상황인데요. @이름15 총리가 지금은 (삼단계로)/(3단계로) 격상하는 상황이 발생하지 않게 확산세를 저지하는 것이 급선무다 라고 일단은 이야기를 했습니다. /(bgm) 하지만 만약에 격상되게 됐을 경우 그 충격이 상당하기 때문에 우려를 하고 있는 것 같은데요. /(bgm) 만약에 최악의 시나리오대로 봉쇄 조치로 인해 생계 곤란에 빠지면서 방역에 비협조적인 시민이 늘어나게 되면 오히려 더 방역에 해를 끼칠 수 있다 이런 판단이 있는 것 같습니다. /(bgm)
54,1,네.
55,2,이게 보면은 사실은 또 먹고사는 문제도 무시할 수 없는 것 같습니다.
56,1,맞습니다 또 생업에 지장을 줄 수 있죠.
57,2,그러니까 우리 정부는 지금 방역에 성공도 해야 되고 또 경제 회복도 이루겠다 그러니까 말하자면 투 트랙 기조를 유지하면서 이 난관 잘 헤쳐나가겠다 라는 얘기가 되는데 꼭 그렇게 이루어졌으면 좋겠다 라는 생각이 드네요.
58,1,네 사실 @정당2은 지금 (이십 구 일에)/(29일에) 전당대회를 앞두고 있는 상황 인데요 안팎으로 뜻하지 않은 상황이 벌어진 거에 대해서 적지 않게 당황하고 있다고 하죠. 열흘 앞으로 다가온 @정당2 전당대회가 사상 초유의 흥행 참패로 끝낼 가능성이 매우 높아졌습니다 자 @이름6 기자 지금 물론 야당을 여당의 전당대회 상황은 어떻습니까?
59,3,네 그러니까 오는 (이십 구일)/(29일) 본 행사 마저 온라인으로 진행을 하기로 했습니다 네 물론 이제 (코로나일구)/(코로나19) 라는 심각한 사회 현상이 있으니까요. 다만 지금 주요 당권 주자들까지 (코로나일구)/(코로나19) 감염 위기에 놓이게 되면서 실질적으로 정책 비전 인물 등에 대한 이 관심이 후 순위로 밀리는 것 아니냐 라는 이야기가 나오고 있습니다. @이름20 전당대회 준비위 대변인은 국회에서 브리핑을 통해서 (팔 이 구)/(829) 전당대회를 여의도 당사에서 진행한다 라고 이야기를 했습니다 기존의 체육관 선거를 하지 않겠다 라는 거였는데요. 여기다 지금 아까 말씀드렸던 @이름8 의원이 간접 접촉으로 당권 레이스를 일시 중단한 상황이고 다른 당권 주자인 @이름21 전 의원 @이름22 의원도 모든 일정을 취소하기로 하면서 지금 상당히 지금 전당대회 관련 일정 자체가 스톱 되고 있는 상황입니다 그런데 또 일정은 정해져 있는 상황이니 후보들 간에 제대로 된 검증 기회가 없다 라고 해서 일부 후보 캠프에서는 오히려 불만을 표시하기도 했습니다. 당내에서는 그래서 논쟁 비전 관심이 없는 (삼 무)/(3무) 전당대회라는 평가마저 나오고 있는 상황이고요. 결과적으로 이번 전당대회를 통해서 결국 어짜피 대표는 @이름8 이라는 게 현실화 되더라도 소위 말하는 (@컨벤션 효과는)/(@convention 효과는) 상당히 어렵지 않겠느냐 이런 우려도 나오고 있습니다.
60,1,네 지금 잠깐 댓글을 살펴보면요 고구마 (백만개)/(100만개) 먹은 것 같이 답답합니다 이런 이야기 해주시는 분들도 계시고요. 그리고 지금 누구는 집회를 할 줄 몰라서 하나요 이런 얘기도 해주셨는데 공포 영화 보는 것 같다 이런 의견 주신 분들 얘기도 사실 좀 공감이 많이 가는 상황이죠.
61,2,그렇습니다 뭐 @정당2 상황 잠시 이야기 나눴습니다마는 이번에는 @정당1 이야기를 좀 해볼게요 오늘 @이름23 @정당1 비대위원장이 광주를 방문했습니다. 국립 (오 일 팔)/(518) 민주묘지를 찾아서 사죄 메시지를 전달했는데 그 내용을 좀 살펴보면 사실 보수 정당 대표가 광주를 찾아서 이렇게 사죄 한 건 처음이잖아요. 이 메세지 내용도 광주에서 비극적 사건이 일어났음에도 그것을 부정하고 (오월)/(5월) 정신을 훼손하는 일부 사람들의 어긋난 발언 행동에 대해서 엄중한 회초리를 들지 못했다. 그동안 잘못된 언행 당을 책임지는 사람으로서 진실한 사죄를 드린다 저 이번에 살펴보니까 보수 정당 대표나 보수 정당을 대표성을 띠는 사람이 광주 찾아와서 사죄하는 일이 이번이 처음이었단 말이에요.
62,1,무릎까지 꿇고요.
63,2,이건 어떤 의미가 있는 것으로 분석이 될까요?
64,3,제가 오늘 이 현장에 있었는데요 오늘 오전에 @이름23 위원장이 무릎을 꿇었던 거는 사실 전혀 예전에 사전에 알려지지 않았던 즉각적인 행동이었거든요 그렇기 때문에 일어나면서 @이름23 위원장이 잠시 휘청거리느라 주변에서 만류하는 상황까지 벌어졌었는데
65,2,고령이잖아요.
66,3,네 그렇죠 그러니까 결국 @이름23 위원장이 이후의 기자회견에서 관련 질문을 받았을 때도 특별한 의미가 있는 건 아니고 본인이 사죄의 뜻에서 한거다 라고 이야기를 했습니다. 결국 또 오늘 방명록에 남긴 것도 보면은 (오 일 팔)/(518) 민주화 정신을 받들어 민주주의 발전에 최선을 다하겠습니다 라고 이야기를 했고 본인이 직접 작성한 원고를 참배 전에 기자들 앞에서 읽는 순서를 가졌습니다.
67,1,네.
68,3,결국 지금 @이름24 원내대표가 앞서 사죄의 뜻을 밝힌 뒤 (삼 개월 만에)/(3개월 만에) 다시 한번 당 대표로서 사과를 한 거고요. 사실 조금만 시계를 돌려봤을 때 전신이었던 @정당3 시절 @이름25 전 대표가 광주를 방문했을 때 하고는 상당히 현장 분위기가 달랐던 것을 아실 수 있을 겁니다. 어 어떻게 보면 사실은 그러니까 정치적으로 봤을 때는 광주를 방문함으로써 호남 민심을 어느 정도 잡아야만 @정당1이 다음 집권을 노릴 수 있다 그러니까 수권 정당으로서의 면모를 강화하겠다는 차원에서 호남 공략 차원에서 간 것이겠습니다만
69,1,네.
70,3,실질적으로 현장에서 유가족들 반응 같은 경우에도 그 @정당3 시절에는 모두가 항의하고 반발하는 유가족 분들이 대부분이어서 @이름25 대표가 도망가는 상황까지 발생을 했었는데 이번에는 물론 항의하는 분도 있었습니다만 환영의 뜻을 밝힌 유가족 분들도 현장에 있었거든요. 결국 지금 @이름23 위원장의 이런 행보가 어느 정도는 먹히고 있다 호남 민심이 실질적으로 유용한 효과를 보고 있는 것 아니냐 이런 얘기도 하고 있습니다. @이름23 위원장도 반쪽 정당으로 남아서는 안 된다 라고 지금 굉장히 강하게 이야기를 했구요 또 만약 재발이 일어났을 경우에는 책임지고 철저하게 대처하겠다 라고 까지 이야기를 했습니다. 그렇기 때문에 @정당2에서 폄훼하는 목소리도 나온 것 같습니다.
71,1,지금 @이름23 위원장이 사실은 사죄 한다는 얘기가 나왔을 때 무릎까지 꿇을까 어느 정도까지 사죄 할까 사실 이 게 좀 관심이었는데 생각하지 못했던 정도를 세게 사실은 사죄를 지금 한 상황이잖아요. 그러다 보니까 @정당1 @이름23 위원장의 이른바 호남 챙기기 참 잘한다 이런 평가가 나오고 있습니다 특히 @이름26 전 의원 이와 관련해서 얘기를 했다고 하는데 어떤 평가가 지금 나오고 있는 겁니까?
72,3,네 이제 과거 @이름27 정부의 핵심이었던 @이름26 전 의원이 @이름23 비대위원장의 호남 챙기기를 참 잘하는 것 이라고 평가를 했습니다. 그러니까 이제 (케이비에스)/(KBS) 라디오 @이름28 최강 시사에 출현했을 때 호남에 공을 들이는 것과 관련해 집권을 꿈꾸는 야당이 특정 지역을 배제하거나 특정 지역의 의석을 하나도 갖지 않고 집권당을 할 수가 있겠느냐 라면서 성과가 어떻게 되든 간에 야당의 @정당1에 호남에 더 많은 정성을 기울인 다고 하는 것은 참 잘하는 것 이라고 설명을 했습니다. 공교롭게도 오늘 @이름29 의원 역시 오늘 @상호명4에 같은 취지를 굉장히 @이름23 위원장이 만시지탄이지만 잘 했다 라고 평가를 내리고 있는 거죠. 기본적으로 중도층 공략 그리고 호남에서의 민심도 상당히 어느 정도 확보하고 있다는 게 여론 조사상으로도 나오다 보니까 상당히 고무된 모습으로 더 적극적으로 공략하는 것 같습니다.
73,2,그도 그럴게 뭐 지난 (사일오)/(415) 총선 때 호남의 전체 의석수를 다 공천 하지도 못했던 호남을 놓칠 수 없다는 공감대는 분명히 있을 것 같아요. 이 @이름23 비대위원장을 찾는 분이 또 있습니다 바로 @이름4 대통령인데 청와대가 야당 대표와의 회담을 좀 적극적으로 하겠다 이렇게 나섰다는 소식인데요. 지난번에 청와대에서 회담 결렬 발표를 하면서 @정당1하고는 굉장히 좀 불편한 말들을 오가기도 했었는데
74,1,녹음기 얘기까지 나왔었죠.
75,2,그러면서 @이름23 위원장이 조건부 협의 가능성을 내비쳤잖아요.
76,1,네.
77,2,청와대에서도 모든 의제를 다룰 수 있다면서 협의 의지를 재확인했다고 하는데 요 내용도 한번 정리를 해주시죠.
78,3,그러니까 청와대 관계자의 말을 좀 옮겨보면요 대화의 형식과 내용에 대해서는 이제 협의를 시작해야 하는 상황이라고 이야기를 했습니다 그러면서도 코로나 읽고 극복과 경제 문제 등 직면한 국난 극복을 위해 모든 의제를 열어 놓고 협의를 진행할 수 있다 라고 이야기한 겁니다 결국 의제에 제한이 없다 라면서 @이름23 위원장이 이번 회동에 나서 주기를 적극적으로 어필을 한 건데요. @이름30 정무 수석 역시 형식과 내용에 대해서 허심탄회하게 협의해 바로 착수했으면한다라고 밝혔습니다. 오히려 지금 @이름23 위원장 측에서 밥만 먹어도 청와대에 가지는 않겠다 라는 식으로 구체적인 의제 설정 그리고 (일대일)/(1대1) 단독 영수회담이 필요하다는 식으로 이야기를 하고 있는데요. 오늘 기자회견에서도 사실은 관련 질문이 나왔습니다 이때 @이름23 위원장을 당면 현안을 (@코로나 바이러스)/(@corona virus) 에 대한 것으로 이야기를 하면서 야당의 협조가 필요한 게 도대체 뭐냐. 그거를 무엇을 가지고 이야기를 할 건지 청와대가 먼저 구체적으로 제시해주기를 당부를 했습니다. 그래서 그것이 잘 되었을 때에 지금 이 만남이 바람직하나 효과가 있을 것이다 라고 이야기를 했는데 그러니까 완전히 거절한 건 아니지만 지금 청와대가 오픈하고 있는 이 스탠스로는 부족하다 청와대가 지금 뭘 갖고 우리랑 이야기를 하고 싶은지 확실하게 내 놓아라 라고 요청을 한 상황입니다.
79,2,@정당1 측에서는 더 많은 걸 바라고 있는 상황이네요.
80,3,그렇죠 사실 여 영수회담이라는 것 자체가 야당한테 좋은 이벤트일 수도 있겠지만 그 이벤트를 하고 났을 때 효과가 없으면 사실은 오히려 정부 여당 쪽 테이블에 끌려 다니는 꼴이 되거든요. 그런 상황에서 그냥 가지는 않겠다 확실한 테이블에 의지가 있어야만 가겠다 이거를 재 천명한 걸로 보입니다.
81,1,밥만 먹으러 가지 않겠다 이 말이 사실은 참 의미심장한데 과거에 이런 말 많이 했는데 결과적으로 밥만 드시고 오는
82,2,네 그렇죠 밥 먹고 사진 찍고
83,1,네 그렇습니다 자 청와대와 @정당1 @이름23 위원장의 회담과 관련해서는요 잠시 후 (이부)/(2부) 오밤중 파이트에서 자세하게 논의를 해 보겠습니다. 그리고 이번에는요 국가 안보 이슈 짧게 짚고 가겠습니다 북한이 지난 (오 차)/(5차) 전원 회의를 개최한 지 (팔 개월)/(8개월) 만에 오는 (십 구일)/(19일) (육 차)/(6차) 전원 회의를 개최 했습니다. 이번 회의에서는 수해 복구나 (코로나일구)/(코로나19) 방역 등 내치에 역량을 집중할 것으로 보이는데요 조선 중앙 통신은 자 이렇게 보도를 하고 있습니다. /(bgm) 중앙위 정치국 상무위원회가 당의 전투력 강화에서 중대한 의의를 가지는 문제를 토의하기 위해서 (칠 기 육 차)/(7기 6차) 회의를 오늘 소집하기로 했다 얘길 하고 있는데요. /(bgm) 그렇다면 지금 전투력 강화를 우리가 예상해볼 수 있는 게 아닌가 라는 생각이 드는데 이번 회의에서 어떤 결과가 나올 걸로 우리가 좀 볼 수 있을까요?
84,3,전문가들의 견해를 빌려보면요 @이름31 통일 연구원 북한 연구실 실장은 당의 전략 노선을 결정하는 전원 회의에서 대 남 메시지를 낸 적은 없다 라고 선을 그었습니다. 그러니까 지난해 말에 이미 미국을 향해서 정면 돌파를 선언한 상황인데 이 경우의 (팔 개월)/(8개월) 밖에 지나지 않은 상황에서 번복할 가능성은 상당히 낮다 라는 분석이었습니다. 다만 이제 미국 측에서는 특히 미국 국방부 육군은 북한이 핵무기를 최대 (육십 개)/(60개) 보유하고 있고 화학 무기도 세계 (삼위)/(3위) 수준이다 라고 이야기를 하면 상당히 경계하는 태세를 취했는데요. @이름32 한국국가전략연구원 통일 전략센터장 역시 지난해 전원 회의를 통해 한 정면 돌파 선언이 지금 대북 제재와 수해 등으로 기대에 미치지 못할 것 이라면서 내부 결속을 다지는 게 급선무라고 이야기 했습니다.
85,2,지금 그래서 그런지 이제 미국이 한미연합훈련 시작에 맞춰 가지고 이제 폭격기 전투기 (여섯 대를)/(6대를) 이례적으로 동시에 출격을 했단 말이에요.
86,1,그렇죠.
87,2,뭐 워낙에 미국하고 중국 사이에는 갈등이 있는 것이고 이 과정에서 북한 중국 이런 국가들에게 보내는 경고 메시지다 이런 분석들이 나오던데
88,3,네 사실 그런 분석이 정론인 것 같습니다 그러니까 기본적으로 한미일 삼각 공조를 과시함으로써 한미 연합 훈련을 보여줌으로써 경고 메시지를 확실하게 보낸거겠죠. @이름33 미국 태평양 공군 사령관은 이번 폭격기 출격 및 미일연합훈련에 대해서 우리의 장점은 우리가 선택한 시간과 장소에서 동맹국과 통합 적인 행동을 할 수 있다 라면서 이번 훈련이 능력을 과시하는 것임을 다시 한번 확인을 해 줬습니다.
89,1,네 아이고 벌써 시간이 (이십 일시 오십 구분 사십 오 초)/(21시 59분 45초를) 넘어서고 있군요.
90,2,시간 되게 빨리 가네.
91,1,그러니깐요 아쉽지만 @이름6 기자하고는 여기서 마무리해야 될 것 같습니다 오늘 좋은 말씀 감사합니다 네 오늘 더룸 (이 부)/(2부) 에서는요 거세고 험난한 토크가 예정돼 있죠 수요일에 만나는 오밤중 (파이터)/(fighter) 잠시 후에 뵙겠습니다. 진보와 보수 보수와 진보의 관점을 들어보는 오밤중 (파이터)/(fighter) 시간이죠 여당 (파이터)/(fighter) @이름34 전 의원 야당 (파이터)/(fighter) @이름35 전 의원과 함께 하겠습니다 어서오세요 네.
92,2,이게 뭐 제가 얘기 들어보니까 수요일 밤을 이 두 분이 책임이라고 봅니다 최신 (커플)/(couple) 이렇게 얘기를 한다고 하는데 화면에 이 두분 같이 앉아 있는 거 보니까 일단 저는 기대가 됩니다.
93,1,네.
94,2,오늘 밤에 뭐 시간 제약이 있겠습니다만 뜨거운 토론을 한번 기대해 보도록 하겠습니다.
95,1,오늘 어떻게 뜨겁게 하실건가요 어쩔건가요?
96,5,뭐 하여간 흐름을 보겠습니다.
97,1,들어보시고 예.
98,2,아 (미투)/(me too)
99,1,(미투)/(me too) 로 예 자 그럼 본격적으로 오밤중 파헤쳐 들어가 보도록 하겠습니다 (일)/(1) 라운드 주제 한번 볼까요. /(bgm) 네 여야 회동에 재 성사 될까.
100,2,이게 지금 제작진이 그렇게 만들어 놨더라구요 여야 멜로디까지 있습니다 네 @이름4 대통령하고 이제 여야 대표 청와대 회동이 다시 추진될 수도 있다. 뭐 이 이야기 들려오고 있는 건데 글쎄요 이제 청와대는 @이름4 대통령과 여야 대표 회동을 (이십일 일에)/(21일에) 하자라고 제안을 했는데 @정당1이 이제 거절을 했다 뭐 이 내용들을 밝힌 바가 있죠. @정당1은 관련 제한이 없었다 라고 얘기하면서 공방을 벌이기도 했습니다 @정당1 측에서는 회동 제안 방식에 대해서 문제를 삼기도 했었는데 원래 여야 대표 회담의 공식적인 절차가 있는 것인지 있다면 이런 일들은 도대체 왜 벌어지고 있는 것인지 두 분이 좀 얘기를 해주셔야 할 것 같아요.
101,6,이거요 일단 @이름36 수석 때 공식적으로 제안을 한 건 맞습니다 취재해보니 그 공식적이라는 게 문서를 줬냐 문서를 줘야 공식이냐 그런 거 아니구요. 그러니까 책임 있는 자리에 사람들이 만나서 얘기하면 공식이거든요. 실제로 제안을 했고 그리고 그런데 @이름36 수석이 그만두게 됐잖아요.
102,1,그랬죠.
103,2,정무 수석이 바뀌었으니까
104,6,그러니까 인제 텀이 생긴 거죠.
105,1,아.
106,6,그래서 @이름30 수석이 이제 예방 차 @이름23 위원장 현장을 방문했을 때 @이름36 수석이 추진 하던 일을 계속 추진했으면 좋겠다 라는 의사를 전달했고
107,1,네 네.
108,6,뭐 들리는 소리에 따르면 그 자리에서 @이름23 위원장 측에서 그럼 실무 협의를 좀 해볼까요. 그랬기 때문에 (이십 일 일이라는)/(21일이라는) 구체적인 날짜가 나왔겠죠 그런데 회담 형식에 대해서 지금 여야 대표 여야 회담 이거는 사실과는 부합하지 않죠. 왜냐하면 지금 @이름23 위원장이 얘기하는 건 단독회담이에요.
109,2,그러니까 대통령과 야당 대표의 단독 회담 여야 회담이라고 하면 여당도 같이 들어가야 되니까
110,6,여당 대표를 제외한 단독 회담 형식을 인제 요구하고 있는 것으로 보입니다.
111,1,그러니까 (이십일 일이라는)/(21일이라는) 날짜가 구체적으로 나온 걸 보면 뭐 @이름23 위원장도 어느 정도 받아들인 것 아니냐 이런 얘기를 하신 것 같은데
112,5,그걸 인제 한 쪽의 주장인 것이고요 일반 일반적으로 보면요 이렇게 영수 급 회담을 하기 위해서는요. 사전 조율 작업이 그냥 보통 사람들 만날 때도요 장소 어떻게 하고 누구 데리고 와도 되느냐 안 되느냐 이런 것까지 하잖아요 우리가 밥 자리를 하더래도
113,1,네.
114,5,내가 누구 데리고 가고 싶은데 같이 할 사람들한테 동의도 구하고 하는 과정도 있고 그렇지 않습니까. 그러니깐 일단 의제 (어젠다를)/(agenda를) 회담에 의제를 어떻게 할 것인지 참석 범위를 어떻게 할 것인지 그 다음에 끝나고 나서의 언론 (브리핑을)/(briefing을) 어떤 방식으로 할 것인지 이런 것까지도 다 조율이 됩니다.
115,1,한꺼번에 다 나와야 됩니까?
116,5,그런 것까지도 조율이 되고 그런 상태에서 인제 성사가 됐다 하는 거를 이제 외부에 공표를 하는 거거든요.
117,1,네
118,5,그런데 지금 우리 @이름34 의원님 말씀해 주신 그게 맞다 하더래도 저는요 이게 그럼 이렇게 할래다가 깨져 버렸다 불발 됐다 세상이 그런 걸 가지고 청와대 정무수석이 언론 (브리핑을)/(briefing을) 하는 건 처음 봤어요. 그러니까 그 그 얘기가 (백 번)/(100번) 양보해서 @이름30 수석의 그 얘기가 다 맞다 할지라도 그 팩트가 그래서 뭐가 나중에 뭐가 억울하다 어떻게 됐으면 이렇게 대놓고 뭘 해 가지고 그걸 마치 야당 탓으로 돌리는 듯한 그럼 뭐가 부족해서 이게 나중에 빠그러 졌는지 네 어디를 어디 어디를 다시 떼우고 메꾸고 하면은 얘기가 다시 재 접합이 돼 갖고 뭐가 될지 이런 걸 하라고 정무 수석이 있는 거지.
119,1,네. 저거 우리는 하고 싶었는데 쟤가 깼어요 이거 뭐 국민한테 고자질 할 라고 그렇게 합니까. 네.
120,5,이걸 보고 제가 깜짝 놀랐어요 이런 식의 청와대 수석의 언론 브리핑은 제가 이게 듣도보도 못했습니다.
121,1,빠그러 지다 라는 표현이 부적절한 것이었음을 다시 한번 말씀드리고요.
122,6,그러니까 모든 걸 저렇게 곡해에서 보면 안 되는거지요 그러니까 지금 얘기는 공식 제안을 했다는 거예요. 그리고 얘기가 진행이 됐는데 이게 @정당1 쪽에서 긍정적인 메시지가 않왔다. 근데 계속 추진하게 그런데 @이름37 누구죠 @이름37 대변인
123,2,네 @이름37 대변인
124,6,무례하다 이렇게 나왔어요.
125,2,무례하다 라는 이제
126,6,표현이 굉장히 저는 놀랐어요 거슬린다 제가 거슬릴 건 없고
127,1,네.
128,6,무례하다는 대체로 왕이 왕이 아랫사람한테 얘기할 때 무례하다고 하잖아요. 그러니까 이게 삐그덕 거렸다 협상 과정이 그래서 이 관리를 잘못했다 굳이 책임은 누가 져야 되느냐 그것도 다 여당이 지는 거예요 여당 쪽이 그러나 과연 @이름38 대변인은 그런 표현은 옳았냐.
129,1,네.
130,6,그건 그렇지 않거든요 그래서 일단은 청와대는 그럼에도 불구하고 무례하다는 얘기를 들었음에도 불구하고 계속 추진 하자. 이런 의사를 밝힌 것이고 다행히 대변인이 아닌 @이름23 위원장이 뭐 한번 생각해보자 이런 정도로 나오고 있는 거예요.
131,1,네.
132,6,그렇기 때문에 음 지금 청와대는 고민이 좀 되지 않겠습니까 여당 대표를 빼야 되는 거예요.
133,1,단독회담 할려면
134,6,네 그런데 이런 장면이 처음이 아니에요 @이름39 대통령과 단독으로 만났어요.
135,2,(이천십팔 년에)/(2018년에) 네.
136,6,그렇기 때문에 뭐 단독 회담하고 그리고 여당 대표 만나도 되고 그래서 그런 형식에는 구애 받을 필요가 없다고 보고 다만 의제는 사전에 잘 조율하고 그리고 그 (브리핑)/(briefing) 방식도 인제 잘 조율을 해야 될 것 같습니다.
137,1,그렇군요.
138,2,그러면 어떤 얘기를 해야 되는 거냐 사실은 이게 중요한 것 아닙니까?
139,5,그러니까 뭐 제가 봐서는 지금 (코로나일구)/(코로나19) 이게 다시 (이차)/(2차) 대유행 조짐이니까요 이 문제 그 다음에 부동산 문제
140,1,네.
141,5,이런 것들이 가장 핵심적으로 다뤄져야 될 문제가 아닌가 보여지고요 그 다음에 우리나라 이게보면요 누가 대통령을 하든지 우리나라는 너무 그 누구 누구 (일 대 일)/(1 대 1) 이냐 뭐 다 대 일이냐 너무 이거에 대해서 지나치게 집착을 해요 그런데 미국 역대 대통령 중에서 소통을 잘한 모범으로 보면 @정당4 출신 중에는 @이름40 대통령이 @정당5 출신 중에는 @이름41 대통령인데 이 두 대통령의 공통점이 뭐냐 하면 자기 집무시간에 상당수를 상당 시간을 야당하고 그 소통하는 데 쓴다는 거에요 전화도 직접 대통령이 야당 상원의원 하원 의원 이런 사람한테 전화해서 대통령이 직접 설명을 하고 경우에 따라서는 뭐 어떨 때는 (한 명)/(1명) 어떨 때는 (세 명)/(3명) 뭐 이런식으로 백악관 불러다가 같이 햄버거도 먹으면서 격이 없이 토론하고 이런 것들이에요. 그런데 우리는 너무 이게 뭐 누구는 끼고 누구는 안 되고 이런 게 너무 좀 심하다 요번에 우리 @이름4 대통령께서 그런 걸 좀 과감하게 깼으면 좋겠어요.
142,1,네 자 @정당1 @이름23 위원장 단독회담도 좋지만 자 여야가 다같이 만나서 함께하는 그림 지금 어떻게 될지 이런 것들 한번 우리가 기대를 해볼 수 있을지 좀 얘기를 해봐야 될 것 같은데요 어떻습니까?
143,6,우선 저는 (코로나일구와)/(코로나19와) 부동산 관련한 의제 좋다고 생각하고 특히 부동산 관련 의제 중에는 @정당1이 서울 (백만 호)/(100만호) 얘기한 적 있어요 예 그래서 그런 구체적 적인 안을 가지고 좀 조언을 했으면 좋겠다.
144,1,조언을
145,6,이렇게 생각합니다.
146,2,대안 이런 복안이 있어야 된다.
147,6,네 그러니까 의제를 예를 들면 (코로나일구)/(코로나19) 에 대해서 무슨 얘기를 하고 결론을 어떻겠네요 (코로나일구)/(코로나19) 가 의제가 된다. 부동산 대책이 의제가 된다 그리고 여야 협치가 의제가 된다면 앞에 두 부분은 뭐 큰 틀만 하면 될 것 같고 오히려 협치가 의제가 된다면 그 부분은 사전에 충분한 조율과 일정한 방향성이 필요하다고 생각합니다 그래서 밥 먹으러 가지 않겠다는 이건 처음 나온 얘기 아니에요 늘 나오고 미국 갈 때도 사진만 찍으러 가지 않겠다 이런 얘기 나오고 그런 게 되는 거고 당연히 그래야죠.
148,1,네.
149,6,그게 국민들이 바라는 모습일 것 같습니다 그래서 @이름23 위원장이 저는 관록이 있는 분 아닙니까 그리고 우리는 지금 이전에 보지 못하던 진풍경을 사실 보고 있어요. 그래서 판단을 못하는 거예요 (사 년 전에는)/(4 년 전에는) @정당2 대표로 광주 가셨던 분이 (사 년 후에)/(4년 후에) @정당1 대표로 광주 가신단 말입니다. 그러니까 이런 것에 대해서 사실 헷갈리는 분도 있을 테고 막 여러 평가가 있는 말하자면 좀 새로운 정치의 모습을 보여주고 계신 거예요. 그 새로운 정치가 나중에 어떻게 평가될지 모르겠지만
150,1,네.
151,6,그래서 이번에도 좀 허심탄회하게 얘기를 하면 어떨까 그 광경을 보고 싶습니다 저는
152,5,저는 두 분이 만약에 만난다면 반드시 좀 합의를 했으면 좋겠다고 생각하는 게 강력히 희망하는 게 지금 이제 이 (팔일오)/(815) 광화문 집회 오늘 또 좀 얘기가 나오겠습니다만 이거 가져 가지고 책임 공방 벌이고 하는 거잖아요 그런데 저는 뭐 인제 뭐 이쪽저쪽에 다 인제 뭐 정권 교체 되면 이쪽에 잡을 수도 있고 저쪽에 잡을 수도 있는데 최근 그 우리 정치를 보면요 이 재난 재난에 좌우가 어디 있고 보수 진보가 어딨습니까. 죽어가는 사람을 피해보는 사람이 거기에 그런 구분이 무슨 의미가 있습니까. 그런데 이 재난을 정쟁화 시켜 버리는 거 지금 최근에도 이제 코로나 그 또 인제 이거는 어느 일방의 책임은 아니에요. 또 이제 총선 전에 또 뭐 @정당1 쪽에서는 뭐 짜파구리 사건하고 그거를 또 선거에 좀 유리하게 이용할라고
153,1,네.
154,5,또 그렇게 했던 것도 있고 사실 그리고 또 세월호 세월호도 얼마나 이제 정치색이 많이 입혀지지 입혔습니까. 그러니까 이런 재난의 정쟁화 만큼은 하지 말자 이렇게 인제 지도자 급이 만났으면요.
155,1,네 네.
156,5,좀 그런 정도 그리고 그거를 위한 대국민 뭐 무슨 점 뭐 약속이라든가 구체적인 그래서 거기다 큰 틀의 원칙을 정하고 구체적인 행동 강령 이런 거를 좀 만들어서 뭐 공표를 한다 든가 이런 것들이 좀
157,1,네 오밤중 (파이터)/(fighter) (일)/(1) 라운드 정말 뜨거운 토론이었는데요 여기까지 하고 (이)/(2) 라운드로 넘어가겠습니다. (이)/(2) 라운드 주제는요 (코로나일구)/(코로나19) 확진 받은 @이름5 목사 정치권 파장은 입니다. 앞서 (일부에도)/(1부에도) 저희가 자세하게 소식을 전해드렸습니다만 광화문 집회를 주도했던 사랑 제일 교회 @이름5 목사가 (코로나일구)/(코로나19) 확진 판정을 받으면서 지금 정치권 공방에 매우 커지고 있지 않습니까. 사랑 제일 교회 관련 확진자만 지금 (육백 명이)/(600명이) 넘어가고 있는 상황 인데요 정치인으로는 처음으로 @이름11 전 의원이 확진 판정을 받기도 했죠. 자 두 분 이 사태를 어떻게 봐야 될지 어떻게 보고 계신지 좀 궁금하기도 합니다.
158,6,기본 원칙은 정치권은 원래 싸우는 거다 그런데 방역에 그게 뭐가 도움이 됩니까 그게 기본이에요. 그런데 이런 문제는 있습니다 (코로나일구)/(코로나19) 와 관련하여 @이름5 목사가 보인 태도는 용납이 안되죠 그것도 목사님이잖아요 목사님이 거짓말을 하세요. 목사님의 대변인이 @이름42 대변인인데 @이름39 대표 신고했습니다 그러니까 다 @정당1 연상되는 거예요 @이름34가 그 옆에 가서 있지는 않지 않았습니까. 그렇기 때문에 저는 @정당2의 일부 의원들이 @정당2 대표가 그런거 지적할 수 있다고 생각합니다 그런데 핵심은 그러한 정치적 공방이 아니라 당원들이 집회에 참여했다는 일부 얘기가 있잖아요.
159,1,네.
160,6,그리고 @이름43 의원은 현역 의원인데 참석했어요. 그러니까 이런 부분에 대해서는 사실 @정당1도 당원 간 사람이 있으면 자진해서 (코로나일구)/(코로나19) 검사 받아라 하면 끝날 일이라고 생각합니다. 그리고 이런 식의 논란은 제일 교회로 인한 코로나 확산이 빨리 중단되면 될수록 정치권 공방도 빨리 중단 되겠죠.
161,1,네.
162,6,그래서 이 부분은 저는 이게 왜 이렇게 계속 소모적 논쟁으로 가지 이 부분은 그냥 당사자들이@이름5 목사가 지금 제일 교회 쪽이 적극적으로 협조하면 됩니다 방역 당국에.
163,2,그냥 제일 교회라 그러면 안 되더라구요 사랑 제일 교회 워낙에 많은 그 같은 이름 교회들이 있기 때문에 지금 말씀하신 것처럼 @정당2 에서는 @정당1 측에 책임을 얘기하고 있단 말이에요 @이름44 대표도 뭐 책임져야 된다 라는 강한 메세지를 내놓고 있는데 @이름35 전 의원께서는 어떻게 이 상황 보십니까?
164,5,그러니까 책임지라는 거는 뭐 다 할 수 있어요 그런 얘기는 구체적으로 어느 부분에 어느 책임이 있는가 당신이 뭐를 잘못했기 때문에 거기서 해야 된다 이런 건데 방조를 했다 방조를
165,1,뭘 방조했다는 거죠.
166,5,그러니까 (팔 일 오)/(815) 집회 그런 식으로 이제 특히 나 @이름5 목사가 자가 격리 통보를 받고도 그냥 턱스크 하고요 그런 거고 끼고 막 여러 사람 손 잡고 막 이렇게 한 거를 그럼 방조를 했다. 차원에서 제가 제가 듣기로는 @정당1 차원에서 집회를 가자 말자 이런 얘기가 전혀 없었고 @정당1과 공식적으로 연관 되어 있는 건 없어요 (팔일오)/(815) 집회 그다음에 @이름11 전 의원도 사실상 이제 당을 떠난 사람이고 그때 뭐 세월호 구설수에 올라 가지고 그런 상태 예요 그런데 저는 이제 이렇게 봐요. 저는 개인적으로 아쉬운 게 @정당1 좀 더 선제적으로 대응 했었어야 된다 그러니까 (팔월 십 오일 전에)/(8월 15일전에) (십 사일)/(14일) 정도 (십삼일)/(13일) 정도에는 당원들에게 가급적 이게 이게 그 뭐 집회의 자유 표현의 자유는 있지만 이렇게 방역 상의 우려가 되오니 당원들 당소 구성원들은 가급적 그 참여를 자제했으면 좋겠다 하는 그런 입장을 좀 더 빨리
167,1,강력하게
168,5,그게 좀 저는 아쉬움이 남아요 그런 정도를 무슨@정당2에서 얘기하면 그거는 뭐 저는 그럴 수도 있다고 보는데 그게 아니고 이게 사실상 이거 굉장히 거의 뭐 이 @정당1 책임이다 그런데 구체적으로 무슨 책임인지가 없어요.
169,6,제가 말씀드릴게요 우선 @이름5 목사가 저런 정도의 위상을 가질 수 있는 사람인가 이 부분에 대해서 위상을 높여준 건 사실 @이름25 대표세요.
170,1,네.
171,6,@이름25 대표가 위상을 크게 높여줬고 사실은 @이름24 원내대표도 이전에 @이름5 목사하고 찍은 사진이 지금 돌아다니더라고요.
172,1,네.
173,6,그러니까 태극기 세력 과의 관계가 아직 @정당1이 불분명하지 않냐 이런 생각을 하는 분이 많은 거예요. 그리고 또 하나는 지금 살짝 살짝 피해 가셨는데 @이름43 의원 참석하셨고요 현역 시의원 참석하시는 분 나왔고요.
174,1,네.
175,6,그 다음에 지역 위원장도 참석하신 분이 있다는 것 아닙니까 그 다음에 @이름12 의원 지역 위원장이세요 @이름13 의원 지역 위원장이시죠. 현역 의원 아니 라도 네 지역 위원장이 그 지역 여기 책임자입니다 이런 분들이 다 갔어요 거꾸로 한번 볼까요. 만약에 지역 위원장인 @이름34가 @이름34가 그냥 갑니까 지역 위원회 동원해서 가요 그게 정치권이 그런 거예요 그럼 만약에 제가 저 집회 갔으면 전 죽었을 거예요 아마. 조선일보 등이 저를 아마 매장 했을 겁니다. 아 그럼요 @정당2 쪽이 만약에 어떤 큰 집회를 했는데 그 집회에서 코로나가 (오백 명이)/(500명이) 나왔다.
176,1,네.
177,6,그러면 @정당1 가만히 있겠습니까 그러니까 지금 얘기하는 건 이렇게 현역 의원이 가고 시 의원이 가고 현역 현역 지역 위원장들이 가고 전직 의원들 갔는데 이 부분에 대해서 어떻게 우리는 상관없다 그럽니까 그러면 이 분들은 다 제명 하시던지 그리고 지금 할 수 있는 가장 확실한 조치는 지금이라도 당원들에 대해서 요구하시는 거예요. 광화문 집회에 같던 @정당1 당원들은 (코로나일구)/(코로나19) 검사 받아라 이렇게 이거라도 해야 된다는 겁니다.
178,5,@정당2의 딜레마인데요 이게 뭐냐 하면 인제 @정당2 분들이 @정당1에 덕담을 해준다 존엄의 (어드바이스를)/(advice를) 해준다면서 이제 태극기 세력 과는 결별하고 건전 보수 합리적인 보수로 거듭나는 게 우리나라 정치의 발전을 위해서 바람직하지 않겠는가 이런 교과서적인 얘기는 하는데 요번에 보면은 이 일부 구성원들이 그렇게 갔어요 그걸 어떻게 그 그 당이라는 게 우리가 잘 알지만 그 뭐 딱 그렇게 군대처럼 이렇게 일사불란하게 통제가 되는 그것도 아니고 그런데 아주 선을 그었잖아요 용납할 수 없는 행동이다 @이름24 원내대표가 라디오 인터뷰 나와서 아주 잘못된 일이다 이렇게 선을 그었어요 그런데 선을 그 부분에 대한 평가를 전혀 안 하고 그래도 니들하고 한통속 아니냐 그러니까 평상시에는 태극기 세력하고 결별에서 건전 합리적 보수로 거듭나라 이렇게 얘기하면서 사실상 그거를 그냥 동일시하고 싶은 그런 그 이중적 이런 모순이 모순이 지금@정당2의 최근의 모습에 그대로 저는 투영되고 있다.
179,6,일부 구성원의 문제라고 하시면 안 돼요 (에이)/(A) 라는 국회의원이 뇌물을 받았어요 그런데 이 사람 일부 구성원이죠. 해당 정당에서 책임지고 지지율은 떨어지고 이러는 거예요 그러니까 일부 구성원입니까 어떻게 @이름12 전 의원이 일부 구성원이며 @이름13 전 의원이 일부 구성원 입니까?
180,5,전부 구성원입니까?
181,6,아니 그러니까 일부 구성원의 잘못된 행동을 당이 책임지는 것이에요.
182,1,네. 일부인지 전부인지 잘 모르겠습니다마는 모르겠습니다마는 @정당1에서는 이렇게 얘기를 하죠 코로나를 정치에 이용하지 말아라 이번 지역 감염의 책임을 집회에 떠넘기면 안된다 이런 입장을 보이고 있는데요 @이름24 원내대표가 이런 이야기도 합니다 뭐 도대체 뭘 사과하라는 거냐 우리가 주최했냐 이렇게 반박을 하구요. 또 @이름23 위원장은 정치적으로 유리하게 이용하려고 자꾸 쓸데없는 소리 한 한다 유치한 정치 그만 하라 이런 얘기 나왔단 말이에요 자 방역 실패 책임을 야당의 뒤집어 씌운다 라는 이런 @정당1의 반박
183,6,아니 무슨 방역 실패입니까 그럼 어떡하란 말입니까 집회 하지 말라고 서울시가 행정 명령까지 내렸어요.
184,1,네.
185,6,그런데 법원이 일부를 허가해줘서 생긴 문제입니다.
186,1,잘못입니까?
187,6,그럼 어떻게 잘못이죠 그 판사는 잘못한거죠. 왜 판사는 잘못하면 잘못했다고 얘기하면 안 됩니까 책상 책상 물림으로 판결했기 때문에 (백 명)/(100명) 모일 거라는 그걸 그대로 믿었는데 지금 (오만 명)/(5만명) 이었다가 갑자기 @이름5 목사가 코로나 확진 되니까 조선일보가 (오천명으로)/(5천명으로) 줄였더군요 숫자를
188,2,(영이)/(0이) 하나 빠졌어요?
189,6,기사가 그렇게 나왔습니다 처음에 수만 명 뭐 이렇게 반정부 시위라고 할 땐 수만 명인데 이것을 방역 실패라고 하면 어떡합니까. 그러면 정부 당국은 어쩌란 말입니까 절차 다 밟았어요.
190,1,네.
191,6,네 그리고 막을 라고 애도 썼어요 그런데 말을 안 들어요 네 이 부분은 정부에게 책임을 덮어 씌우고 사실은 이럴 때 @이름5 목사와 네 사랑 제일 교회 일탈 행위에 대해서 강하게 질타하고 @정당1의 당원들은 결합하지 마라 하지 않은 거잖아요. 그런데 이렇게 예를 들면 이 방역 이거에 모든 책임을 그러면 @정당1 져라 누군가 그런다면 그걸 누가 또 동의하겠습니까.
192,1,조금은 저라.
193,6,아니 그러니까 @정당1이 빨리 당원들에 대해서 단호하게
194,5,저는요.
195,6,검사 받아라
196,5,저는 이렇게 생각하고 @이름25 대표 시절에 @이름5 목사하고 교류가 있었던 건 맞는데 뭔가 총선 국면을 맞이하면서 두 사람이 틀어졌어요. 그러면서 이제 @이름5 목사가 이제 @정당1 대해서 굉장히 비판적으로 얘기했고 @정당1 탈당한 @이름14 전 지사하고 손을 잡고 무슨 @정당6가 뭐 무슨 무슨 그런 우파 정당을 만든다고
197,1,요번 집회도 좀 관여했다는 얘기가 또 나오더라고요.
198,5,우파 정당을 만든다고 해 가지고 @이름5 목사는 총선 국면에서 @정당1 하고 다른 길을 걸었어요.
199,1,그래요.
200,5,그 다 알잖아요 이게 팩트 아니에요 그런데 예를 들어서 과거에 저기 @정당7이 @정당7이 그 헌법재판소에서 위헌 정당으로 결정이 나 가지고 정당 해산 됐잖아요 그런데 (이천 십 이년)/(2012년) 총선에 보면 @정당2의 @이름45 대표 시절에 @정당7하고 같이 연합 공천 한 거 맞죠. 그러면 그게 그런 것까지 해서 그러면 @정당7이 위헌 정당으로 그거 됐으니까 @정당2 니들도 사과하라 니들에게 책임이 있다. 거기에 대해서 @정당2이 합리적이라고 받아들이겠어요. 아예 구성원이 다른 사람의 @이름5 목사는 그런 걸 가지고 왜 당신들이 당신들에게 주요한 책임이 있다 이게 상식적으로 말이 되는 소리를 좀
201,1,지금 소환되고 있습니다 지금 @정당7 위헌 정당으로 됐는데
202,6,그때 과거에 구 @정당1이 그랬어요 @정당2 책임지라고. 그랬는데 사실은 그 헌법재판소가 정당을 그런 식으로 해산 시키는 게 올바른지 저는 그거에 대해서도 이견이 있습니다만 만약에 @정당2에서 제가 지역 위원장 인데 저 집회에 참여했는데 그 집회에서 코로나가 나타나서 이런 정말 국민들을 위험에 빠뜨렸다면 저를 지역 위원장에서 제명 했을 것 같아요 @정당2은 그런데 자꾸 @이름12 전 의원 @이름13 전 의원 @이름43 의원 그 다음에 시의원도 참여했는데 그분들에 대해서 아무 조치도 하고 있지 않으면서 뭘 책임지라는 거냐 이렇게 하는 건 정말 이상합니다 저는.
203,1,그렇군요.
204,2,제가 오늘 일일 (@엠씨로)/(@MC로) 참여를 해서 그런지 이 두 분들 토론이 예전만큼 좀 격렬하지 않다 이런 생각이 좀 드네요 요거 하나 여쭤볼게요. @이름38 대변인이나 @이름24 원내대표가 사람들이 모인 이 메시지를 집중해라 라고 얘기를 했어요 무슨 얘기냐 하면 지금 @이름4 정부가 하고 있는 실정에 대해서 어 얘기하고 싶은 사람들이 이만큼 많이 모여든 것 아니냐 지금 방역 실패 책임 괜히 돌리지 말고 @정당1 쪽으로 돌리지 말고 메세지에 책임져라 이런 얘기를 했단 말이에요.
205,6,그러니까 그 집회에 동의하는 거잖아요 그 집회가 원래 교회 집회라고 사람들을 모아 놓고 상인 주변 상인들이 그랬잖아요. 교회 집회를 하면서 맨날 반정부 투쟁 같은 그런 얘기만 나오더라 그러니까 정말 실수하시는 거예요 이런 말이 왜냐하면 그 집회 형식은 잘못됐어요. 코로나를 창궐 시키고 있어요 지금 그런데 그 집회 잘못된 집회 메시지가 만약 @정당1을 비난하는 거라면 어떻게 했겠습니까. 그러니까 그 형식과 내용을 가지고 이렇게 장난치시면 안 돼요.
206,1,그러니까 작가는 집회를 한 것에 의미를 잘 살펴라 라고 @정당1에서 제기하고 있는 것은 일단 집회 자체를 그 부분에서 좀 생각을 해봐야 된다 이런 얘기인 것 같아요.
207,2,그걸 얘기해 주셔야 될 것 같아요.
208,5,아 그건 논리적으로 저하고 좀 사고 구조가 좀 다르신 것 같아요.
209,6,여러가지가 달라요.
210,1,서로 많이 다르십니다.
211,5,다름 속에서 이게 민주주의죠 근데 저는요 그거 그 방식은 잘못됐다 음 근데 거기서 예를 들어서 그렇잖아요 우리가 뭐 그 하자가 굉장히 많은 사람이지만 그 사람도 가끔 옳은 얘기할 수가 있는 거잖아요 그니까 뭐 무슨 예를 들어서 전과가 있는 사람이다 해서 그 사람이 하는 모든 걸 다 부정합니까. 그건 아닌거등여 그 다음에 그 메시지 자체만 그러면 제대로 된
212,1,지금 방송 사고가 아니구요 마지막 말씀하세요.
213,5,아니 그래서 그거는 좀 분리해서 접근할 수도 있다 저는 그렇게 생각을 합니다.
214,1,네 그렇군요.
215,2,자 이렇게 (코로나일구)/(코로나19) 확산세가 진정될 조짐이 보이지 않는 상황이죠 이 상황속에서 여야 공방 한동안 계속될 것으로 보이는데 이번엔 좀 다른 얘기 해 볼게요 최근에 정당 지지율 관련해서도 (이슈가)/(issue가) 있었잖아요. 어 (팔월 이주차)/(8월2주차) 그러니까 리얼미터 조사 내용인데 정당 지지율에서 @정당1이 @정당2을 앞서는 결과 뭐 보도로 많이 보셨을 거예요. 이런 결과가 (이천 십육 년)/(2016년) (시 월)/(10월) (삼 주 차)/(3주차) 조사 이후 (삼 년 십 개월)/(3년 10개월) 만이라고 합니다. 뭐 의미 있게 봐야 한다 이런 목소리도 있고 뭐 순간적인 거고 일시적인 것이다 이런 목소리들도 있습니다. 이 두 의원님께 이 상황 어떻게 해석하면
216,5,뭐냐면요 우리나라의 전통적인 정치에 있어 지지율 게임 할 때 보면요 야당은 누가 야당을 하든지 반사 이득을 항상 취하게 되어있어요. 집권 세력이 크고 작은 어떤 실점 이거에 따른 반사 이득을 챙기는 게 어떻게 보면 보면 야당 정치인데 이 @이름4 정권 들어와서 아주 독특한 현상이 생겼어요 그러니까 우리 한국 정치사에 한번도 없었던 현상이 생겼는데 이 야당이 잘못 잘못하고 거꾸로 집권 세력에게 그 저기를 반사 이득을 안겨주는 야당 복이라고 하는 그러니까 저 @이름46 국정원장이 @이름4 대통령을 천복을 타고 태어나신 분이다 야당복 천복이다 하늘이 준 복이다 이런 얘기 오죽하면 나왔겠습니까. 근데 이게 인제 @이름23 @이름24 체제가 들어서면서요 저는 제일 잘한 게 뭐냐 한 가지를 꼽으려면 야당 복을 없앴다.
217,1,아.
218,5,야당 복 저는 야당보다 거의 없어졌다고 보고 그래서 이제 그 집권 세력이 부동산 정책을 잘못하고 뭐 잘못하고 검찰 개혁 뭐 잘못하고 이런 거를 이제 받아먹을 수 있는 반사 이득 챙길 수 있는 그 그릇이 만들어지는 거다.
219,6,했다는 말을 애초에 동의를 안 한 사람입니다 그건 @이름46 전 의원의 현란한 수사학의 일종이죠. 저는 동의 안 합니다 그동안에 잘해 왔어요 다만 이번 지지율은 @정당2엔 의미가 있습니다.
220,1,어떤 의미가 있습니까?
221,6,@정당2에는 사실 저는 다른 건 모르겠고 부동산 정책은 사실 서울의 (백만호)/(100만호) 짓겠다는 @정당1안을 봐야 알 것 같아요. 가장 중요한 건 @이름47 @이름48 그리고 @이름49 @이름49 시장의 경우는 아직 (이분의 일)/(2분의 1) 입니다. 네 이렇게 이어져 온 도덕적인 논란이 바탕에 크게 깔려 있다고 생각합니다.
222,1,부동산 정책 정책 들어있다 하더라도
223,6,빌미와 계기가 된거고 그것 만으로 이런 일은 안 벌어집니다 그래서 이런 몇 가지 악재들이 겹쳐왔다. 그리고 남북 관계에서 큰 기대를 했는데 사실 성과가 내기 어려운 조건으로 미 대선이 치러지는 것까지
224,1,예.
225,6,그렇기 때문에 @정당2에게는 대개 뼈와 아프고 의미 있는 거다 그래서 다시 돌아봐야 된다 이렇게 생각하고
226,2,일종의 회초리가 될 수 있다.
227,6,예 그런데 @정당1 쪽에는 저는 아직은 큰 의미가 없다고 생각합니다. 왜냐하면 이게 @이름24 대표가 당 대표고 또 @정당1의 적자가 원내대표를 하면서 이런 일이 벌어졌다면 저는 뭐 긍정적으로도 보겠는데 지금은 판단유보다.
228,1,네 알겠습니다.
229,2,지금까지 @이름34 전 의원 또 @이름35 전 의원하고 함께 했습니다 두 분 고맙습니다.
230,1,고맙습니다.
231,2,자 (코로나일구)/(코로나19) 확산세가 지속되고 있습니다 어 (팔월 칠일)/(8월 7일) 이후에 사랑 제일 교회 모임 또 (팔월 팔일)/(8월 8일) (팔월 십 오일)/(8월 15일) 뭐 광화문 집회에 참석하셨던 분들 또 방문하셨던 분들 빨리 검사 받으셔야 됩니다. 더 이상의 추가 확산을 막기 위한 적극적인 협조 꼭 부탁 드립니다. /(bgm) 제가 오늘 출연하고 있는 모든 방송에서 이 얘기 하고 있는데 꼭 좀 협조를 해서 더 이상 (코로나일구)/(코로나19) 번지지 않도록 함께 노력했으면 좋겠습니다. /(bgm)
232,1,네 오늘 더룸 시청자 분들 하고 소통할 수 있어서 정말 뜻 깊은 시간이었고요. /(bgm) 네 저희 이제 오늘 방송 여기까지 해야 될 것 같습니다 더룸은 내일 다시 찾아오겠습니다 고맙습니다. /(bgm)
